2026-02-14 11:39:09,240 [Worker-5: Loading available Gradle versions] INFO  o.e.b.c.i.u.g.PublishedGradleVersions - Gradle version information cache is not available. Remote download required.
2026-02-14 11:42:56,344 [Worker-8: Creating project "PetStoreAutomation"] INFO  o.e.m.c.i.e.AbstractTransferListenerAdapter - Downloading https://repo.maven.apache.org/maven2/org/apache/maven/plugins/maven-clean-plugin/2.5/maven-clean-plugin-2.5.jar
2026-02-14 11:42:56,399 [Worker-8: Creating project "PetStoreAutomation"] INFO  o.e.m.c.i.e.AbstractTransferListenerAdapter - Downloaded https://repo.maven.apache.org/maven2/org/apache/maven/plugins/maven-clean-plugin/2.5/maven-clean-plugin-2.5.jar
2026-02-14 11:42:56,440 [Worker-8: Creating project "PetStoreAutomation"] INFO  o.e.m.c.i.e.AbstractTransferListenerAdapter - Downloading https://repo.maven.apache.org/maven2/org/apache/maven/plugins/maven-resources-plugin/2.6/maven-resources-plugin-2.6.jar
2026-02-14 11:42:56,471 [Worker-8: Creating project "PetStoreAutomation"] INFO  o.e.m.c.i.e.AbstractTransferListenerAdapter - Downloaded https://repo.maven.apache.org/maven2/org/apache/maven/plugins/maven-resources-plugin/2.6/maven-resources-plugin-2.6.jar
2026-02-14 11:42:56,502 [Worker-8: Creating project "PetStoreAutomation"] INFO  o.e.m.c.i.e.AbstractTransferListenerAdapter - Downloading https://repo.maven.apache.org/maven2/org/apache/maven/plugins/maven-compiler-plugin/3.1/maven-compiler-plugin-3.1.jar
2026-02-14 11:42:56,541 [Worker-8: Creating project "PetStoreAutomation"] INFO  o.e.m.c.i.e.AbstractTransferListenerAdapter - Downloaded https://repo.maven.apache.org/maven2/org/apache/maven/plugins/maven-compiler-plugin/3.1/maven-compiler-plugin-3.1.jar
2026-02-14 11:42:56,579 [Worker-8: Creating project "PetStoreAutomation"] INFO  o.e.m.c.i.e.AbstractTransferListenerAdapter - Downloading https://repo.maven.apache.org/maven2/org/apache/maven/plugins/maven-surefire-plugin/2.12.4/maven-surefire-plugin-2.12.4.jar
2026-02-14 11:42:56,613 [Worker-8: Creating project "PetStoreAutomation"] INFO  o.e.m.c.i.e.AbstractTransferListenerAdapter - Downloaded https://repo.maven.apache.org/maven2/org/apache/maven/plugins/maven-surefire-plugin/2.12.4/maven-surefire-plugin-2.12.4.jar
2026-02-14 11:42:56,735 [Worker-8: Creating project "PetStoreAutomation"] INFO  o.e.m.c.i.e.AbstractTransferListenerAdapter - Downloading https://repo.maven.apache.org/maven2/org/apache/maven/plugins/maven-jar-plugin/2.4/maven-jar-plugin-2.4.jar
2026-02-14 11:42:56,775 [Worker-8: Creating project "PetStoreAutomation"] INFO  o.e.m.c.i.e.AbstractTransferListenerAdapter - Downloaded https://repo.maven.apache.org/maven2/org/apache/maven/plugins/maven-jar-plugin/2.4/maven-jar-plugin-2.4.jar
2026-02-14 11:42:57,147 [Worker-8: Creating project "PetStoreAutomation"] INFO  o.e.m.c.i.e.AbstractTransferListenerAdapter - Downloading https://repo.maven.apache.org/maven2/org/apache/maven/plugins/maven-install-plugin/2.4/maven-install-plugin-2.4.jar
2026-02-14 11:42:57,330 [Worker-8: Creating project "PetStoreAutomation"] INFO  o.e.m.c.i.e.AbstractTransferListenerAdapter - Downloaded https://repo.maven.apache.org/maven2/org/apache/maven/plugins/maven-install-plugin/2.4/maven-install-plugin-2.4.jar
2026-02-14 11:42:57,369 [Worker-8: Creating project "PetStoreAutomation"] INFO  o.e.m.c.i.e.AbstractTransferListenerAdapter - Downloading https://repo.maven.apache.org/maven2/org/apache/maven/plugins/maven-deploy-plugin/2.7/maven-deploy-plugin-2.7.jar
2026-02-14 11:42:57,405 [Worker-8: Creating project "PetStoreAutomation"] INFO  o.e.m.c.i.e.AbstractTransferListenerAdapter - Downloaded https://repo.maven.apache.org/maven2/org/apache/maven/plugins/maven-deploy-plugin/2.7/maven-deploy-plugin-2.7.jar
2026-02-14 11:42:57,453 [Worker-8: Creating project "PetStoreAutomation"] INFO  o.e.m.c.i.e.AbstractTransferListenerAdapter - Downloading https://repo.maven.apache.org/maven2/org/apache/maven/plugins/maven-site-plugin/3.3/maven-site-plugin-3.3.jar
2026-02-14 11:42:57,676 [Worker-8: Creating project "PetStoreAutomation"] INFO  o.e.m.c.i.e.AbstractTransferListenerAdapter - Downloaded https://repo.maven.apache.org/maven2/org/apache/maven/plugins/maven-site-plugin/3.3/maven-site-plugin-3.3.jar
2026-02-14 11:42:57,735 [Worker-8: Creating project "PetStoreAutomation"] INFO  o.e.m.c.i.e.AbstractTransferListenerAdapter - Downloaded https://repo.maven.apache.org/maven2/org/apache/maven/plugins/maven-compiler-plugin/3.1/maven-compiler-plugin-3.1.pom
2026-02-14 11:42:57,985 [Worker-8: Creating project "PetStoreAutomation"] INFO  o.e.m.c.i.e.AbstractTransferListenerAdapter - Downloaded https://repo.maven.apache.org/maven2/org/apache/maven/plugins/maven-plugins/24/maven-plugins-24.pom
2026-02-14 11:42:58,067 [Worker-8: Creating project "PetStoreAutomation"] INFO  o.e.m.c.i.e.AbstractTransferListenerAdapter - Downloaded https://repo.maven.apache.org/maven2/org/apache/maven/maven-parent/23/maven-parent-23.pom
2026-02-14 11:42:58,119 [Worker-8: Creating project "PetStoreAutomation"] INFO  o.e.m.c.i.e.AbstractTransferListenerAdapter - Downloaded https://repo.maven.apache.org/maven2/org/apache/apache/13/apache-13.pom
2026-02-14 11:42:58,497 [Worker-8: Creating project "PetStoreAutomation"] INFO  o.e.m.c.i.e.AbstractTransferListenerAdapter - Downloaded https://repo.maven.apache.org/maven2/org/apache/maven/maven-plugin-api/2.0.9/maven-plugin-api-2.0.9.pom
2026-02-14 11:42:58,759 [Worker-8: Creating project "PetStoreAutomation"] INFO  o.e.m.c.i.e.AbstractTransferListenerAdapter - Downloaded https://repo.maven.apache.org/maven2/org/apache/maven/maven/2.0.9/maven-2.0.9.pom
2026-02-14 11:42:58,930 [Worker-8: Creating project "PetStoreAutomation"] INFO  o.e.m.c.i.e.AbstractTransferListenerAdapter - Downloaded https://repo.maven.apache.org/maven2/org/apache/maven/maven-parent/8/maven-parent-8.pom
2026-02-14 11:42:59,660 [Worker-8: Creating project "PetStoreAutomation"] INFO  o.e.m.c.i.e.AbstractTransferListenerAdapter - Downloaded https://repo.maven.apache.org/maven2/org/apache/apache/4/apache-4.pom
2026-02-14 11:42:59,748 [Worker-8: Creating project "PetStoreAutomation"] INFO  o.e.m.c.i.e.AbstractTransferListenerAdapter - Downloaded https://repo.maven.apache.org/maven2/org/apache/maven/maven-artifact/2.0.9/maven-artifact-2.0.9.pom
2026-02-14 11:42:59,835 [Worker-8: Creating project "PetStoreAutomation"] INFO  o.e.m.c.i.e.AbstractTransferListenerAdapter - Downloaded https://repo.maven.apache.org/maven2/org/codehaus/plexus/plexus-utils/1.5.1/plexus-utils-1.5.1.pom
2026-02-14 11:42:59,905 [Worker-8: Creating project "PetStoreAutomation"] INFO  o.e.m.c.i.e.AbstractTransferListenerAdapter - Downloaded https://repo.maven.apache.org/maven2/org/codehaus/plexus/plexus/1.0.11/plexus-1.0.11.pom
2026-02-14 11:43:00,003 [Worker-8: Creating project "PetStoreAutomation"] INFO  o.e.m.c.i.e.AbstractTransferListenerAdapter - Downloaded https://repo.maven.apache.org/maven2/org/apache/maven/maven-core/2.0.9/maven-core-2.0.9.pom
2026-02-14 11:43:00,198 [Worker-8: Creating project "PetStoreAutomation"] INFO  o.e.m.c.i.e.AbstractTransferListenerAdapter - Downloaded https://repo.maven.apache.org/maven2/org/apache/maven/maven-settings/2.0.9/maven-settings-2.0.9.pom
2026-02-14 11:43:00,288 [Worker-8: Creating project "PetStoreAutomation"] INFO  o.e.m.c.i.e.AbstractTransferListenerAdapter - Downloaded https://repo.maven.apache.org/maven2/org/apache/maven/maven-model/2.0.9/maven-model-2.0.9.pom
2026-02-14 11:43:00,368 [Worker-8: Creating project "PetStoreAutomation"] INFO  o.e.m.c.i.e.AbstractTransferListenerAdapter - Downloaded https://repo.maven.apache.org/maven2/org/apache/maven/maven-plugin-parameter-documenter/2.0.9/maven-plugin-parameter-documenter-2.0.9.pom
2026-02-14 11:43:00,451 [Worker-8: Creating project "PetStoreAutomation"] INFO  o.e.m.c.i.e.AbstractTransferListenerAdapter - Downloaded https://repo.maven.apache.org/maven2/org/apache/maven/maven-profile/2.0.9/maven-profile-2.0.9.pom
2026-02-14 11:43:00,520 [Worker-8: Creating project "PetStoreAutomation"] INFO  o.e.m.c.i.e.AbstractTransferListenerAdapter - Downloaded https://repo.maven.apache.org/maven2/org/apache/maven/maven-repository-metadata/2.0.9/maven-repository-metadata-2.0.9.pom
2026-02-14 11:43:00,575 [Worker-8: Creating project "PetStoreAutomation"] INFO  o.e.m.c.i.e.AbstractTransferListenerAdapter - Downloaded https://repo.maven.apache.org/maven2/org/apache/maven/maven-error-diagnostics/2.0.9/maven-error-diagnostics-2.0.9.pom
2026-02-14 11:43:00,627 [Worker-8: Creating project "PetStoreAutomation"] INFO  o.e.m.c.i.e.AbstractTransferListenerAdapter - Downloaded https://repo.maven.apache.org/maven2/org/apache/maven/maven-project/2.0.9/maven-project-2.0.9.pom
2026-02-14 11:43:01,505 [Worker-8: Creating project "PetStoreAutomation"] INFO  o.e.m.c.i.e.AbstractTransferListenerAdapter - Downloaded https://repo.maven.apache.org/maven2/org/apache/maven/maven-artifact-manager/2.0.9/maven-artifact-manager-2.0.9.pom
2026-02-14 11:43:02,018 [Worker-8: Creating project "PetStoreAutomation"] INFO  o.e.m.c.i.e.AbstractTransferListenerAdapter - Downloaded https://repo.maven.apache.org/maven2/org/apache/maven/maven-plugin-registry/2.0.9/maven-plugin-registry-2.0.9.pom
2026-02-14 11:43:02,114 [Worker-8: Creating project "PetStoreAutomation"] INFO  o.e.m.c.i.e.AbstractTransferListenerAdapter - Downloaded https://repo.maven.apache.org/maven2/org/apache/maven/maven-plugin-descriptor/2.0.9/maven-plugin-descriptor-2.0.9.pom
2026-02-14 11:43:02,195 [Worker-8: Creating project "PetStoreAutomation"] INFO  o.e.m.c.i.e.AbstractTransferListenerAdapter - Downloaded https://repo.maven.apache.org/maven2/org/apache/maven/maven-monitor/2.0.9/maven-monitor-2.0.9.pom
2026-02-14 11:43:02,273 [Worker-8: Creating project "PetStoreAutomation"] INFO  o.e.m.c.i.e.AbstractTransferListenerAdapter - Downloaded https://repo.maven.apache.org/maven2/org/apache/maven/maven-toolchain/1.0/maven-toolchain-1.0.pom
2026-02-14 11:43:02,329 [Worker-8: Creating project "PetStoreAutomation"] INFO  o.e.m.c.i.e.AbstractTransferListenerAdapter - Downloaded https://repo.maven.apache.org/maven2/org/apache/maven/maven/2.0.6/maven-2.0.6.pom
2026-02-14 11:43:02,387 [Worker-8: Creating project "PetStoreAutomation"] INFO  o.e.m.c.i.e.AbstractTransferListenerAdapter - Downloaded https://repo.maven.apache.org/maven2/org/apache/maven/maven-parent/5/maven-parent-5.pom
2026-02-14 11:43:02,447 [Worker-8: Creating project "PetStoreAutomation"] INFO  o.e.m.c.i.e.AbstractTransferListenerAdapter - Downloaded https://repo.maven.apache.org/maven2/org/apache/apache/3/apache-3.pom
2026-02-14 11:43:02,806 [Worker-8: Creating project "PetStoreAutomation"] INFO  o.e.m.c.i.e.AbstractTransferListenerAdapter - Downloaded https://repo.maven.apache.org/maven2/org/apache/maven/maven-core/2.0.6/maven-core-2.0.6.pom
2026-02-14 11:43:02,879 [Worker-8: Creating project "PetStoreAutomation"] INFO  o.e.m.c.i.e.AbstractTransferListenerAdapter - Downloaded https://repo.maven.apache.org/maven2/org/apache/maven/maven-settings/2.0.6/maven-settings-2.0.6.pom
2026-02-14 11:43:02,970 [Worker-8: Creating project "PetStoreAutomation"] INFO  o.e.m.c.i.e.AbstractTransferListenerAdapter - Downloaded https://repo.maven.apache.org/maven2/org/apache/maven/maven-model/2.0.6/maven-model-2.0.6.pom
2026-02-14 11:43:03,045 [Worker-8: Creating project "PetStoreAutomation"] INFO  o.e.m.c.i.e.AbstractTransferListenerAdapter - Downloaded https://repo.maven.apache.org/maven2/org/codehaus/plexus/plexus-utils/1.4.1/plexus-utils-1.4.1.pom
2026-02-14 11:43:03,129 [Worker-8: Creating project "PetStoreAutomation"] INFO  o.e.m.c.i.e.AbstractTransferListenerAdapter - Downloaded https://repo.maven.apache.org/maven2/org/codehaus/plexus/plexus-container-default/1.0-alpha-9-stable-1/plexus-container-default-1.0-alpha-9-stable-1.pom
2026-02-14 11:43:03,206 [Worker-8: Creating project "PetStoreAutomation"] INFO  o.e.m.c.i.e.AbstractTransferListenerAdapter - Downloaded https://repo.maven.apache.org/maven2/org/codehaus/plexus/plexus-containers/1.0.3/plexus-containers-1.0.3.pom
2026-02-14 11:43:03,252 [Worker-8: Creating project "PetStoreAutomation"] INFO  o.e.m.c.i.e.AbstractTransferListenerAdapter - Downloaded https://repo.maven.apache.org/maven2/org/codehaus/plexus/plexus/1.0.4/plexus-1.0.4.pom
2026-02-14 11:43:03,311 [Worker-8: Creating project "PetStoreAutomation"] INFO  o.e.m.c.i.e.AbstractTransferListenerAdapter - Downloaded https://repo.maven.apache.org/maven2/junit/junit/3.8.1/junit-3.8.1.pom
2026-02-14 11:43:03,733 [Worker-8: Creating project "PetStoreAutomation"] INFO  o.e.m.c.i.e.AbstractTransferListenerAdapter - Downloaded https://repo.maven.apache.org/maven2/org/codehaus/plexus/plexus-utils/1.0.4/plexus-utils-1.0.4.pom
2026-02-14 11:43:04,353 [Worker-8: Creating project "PetStoreAutomation"] INFO  o.e.m.c.i.e.AbstractTransferListenerAdapter - Downloaded https://repo.maven.apache.org/maven2/classworlds/classworlds/1.1-alpha-2/classworlds-1.1-alpha-2.pom
2026-02-14 11:43:04,428 [Worker-8: Creating project "PetStoreAutomation"] INFO  o.e.m.c.i.e.AbstractTransferListenerAdapter - Downloaded https://repo.maven.apache.org/maven2/org/apache/maven/maven-plugin-parameter-documenter/2.0.6/maven-plugin-parameter-documenter-2.0.6.pom
2026-02-14 11:43:04,510 [Worker-8: Creating project "PetStoreAutomation"] INFO  o.e.m.c.i.e.AbstractTransferListenerAdapter - Downloaded https://repo.maven.apache.org/maven2/org/apache/maven/reporting/maven-reporting-api/2.0.6/maven-reporting-api-2.0.6.pom
2026-02-14 11:43:04,686 [Worker-8: Creating project "PetStoreAutomation"] INFO  o.e.m.c.i.e.AbstractTransferListenerAdapter - Downloaded https://repo.maven.apache.org/maven2/org/apache/maven/reporting/maven-reporting/2.0.6/maven-reporting-2.0.6.pom
2026-02-14 11:43:04,760 [Worker-8: Creating project "PetStoreAutomation"] INFO  o.e.m.c.i.e.AbstractTransferListenerAdapter - Downloaded https://repo.maven.apache.org/maven2/org/apache/maven/doxia/doxia-sink-api/1.0-alpha-7/doxia-sink-api-1.0-alpha-7.pom
2026-02-14 11:43:04,862 [Worker-8: Creating project "PetStoreAutomation"] INFO  o.e.m.c.i.e.AbstractTransferListenerAdapter - Downloaded https://repo.maven.apache.org/maven2/org/apache/maven/doxia/doxia/1.0-alpha-7/doxia-1.0-alpha-7.pom
2026-02-14 11:43:04,947 [Worker-8: Creating project "PetStoreAutomation"] INFO  o.e.m.c.i.e.AbstractTransferListenerAdapter - Downloaded https://repo.maven.apache.org/maven2/org/apache/maven/maven-profile/2.0.6/maven-profile-2.0.6.pom
2026-02-14 11:43:05,018 [Worker-8: Creating project "PetStoreAutomation"] INFO  o.e.m.c.i.e.AbstractTransferListenerAdapter - Downloaded https://repo.maven.apache.org/maven2/org/apache/maven/maven-artifact/2.0.6/maven-artifact-2.0.6.pom
2026-02-14 11:43:05,090 [Worker-8: Creating project "PetStoreAutomation"] INFO  o.e.m.c.i.e.AbstractTransferListenerAdapter - Downloaded https://repo.maven.apache.org/maven2/org/apache/maven/maven-repository-metadata/2.0.6/maven-repository-metadata-2.0.6.pom
2026-02-14 11:43:05,223 [Worker-8: Creating project "PetStoreAutomation"] INFO  o.e.m.c.i.e.AbstractTransferListenerAdapter - Downloaded https://repo.maven.apache.org/maven2/org/apache/maven/maven-error-diagnostics/2.0.6/maven-error-diagnostics-2.0.6.pom
2026-02-14 11:43:05,290 [Worker-8: Creating project "PetStoreAutomation"] INFO  o.e.m.c.i.e.AbstractTransferListenerAdapter - Downloaded https://repo.maven.apache.org/maven2/org/apache/maven/maven-project/2.0.6/maven-project-2.0.6.pom
2026-02-14 11:43:05,377 [Worker-8: Creating project "PetStoreAutomation"] INFO  o.e.m.c.i.e.AbstractTransferListenerAdapter - Downloaded https://repo.maven.apache.org/maven2/org/apache/maven/maven-artifact-manager/2.0.6/maven-artifact-manager-2.0.6.pom
2026-02-14 11:43:05,447 [Worker-8: Creating project "PetStoreAutomation"] INFO  o.e.m.c.i.e.AbstractTransferListenerAdapter - Downloaded https://repo.maven.apache.org/maven2/org/apache/maven/maven-plugin-registry/2.0.6/maven-plugin-registry-2.0.6.pom
2026-02-14 11:43:05,822 [Worker-8: Creating project "PetStoreAutomation"] INFO  o.e.m.c.i.e.AbstractTransferListenerAdapter - Downloaded https://repo.maven.apache.org/maven2/commons-cli/commons-cli/1.0/commons-cli-1.0.pom
2026-02-14 11:43:06,161 [Worker-8: Creating project "PetStoreAutomation"] INFO  o.e.m.c.i.e.AbstractTransferListenerAdapter - Downloaded https://repo.maven.apache.org/maven2/org/apache/maven/maven-plugin-api/2.0.6/maven-plugin-api-2.0.6.pom
2026-02-14 11:43:06,256 [Worker-8: Creating project "PetStoreAutomation"] INFO  o.e.m.c.i.e.AbstractTransferListenerAdapter - Downloaded https://repo.maven.apache.org/maven2/org/apache/maven/maven-plugin-descriptor/2.0.6/maven-plugin-descriptor-2.0.6.pom
2026-02-14 11:43:06,365 [Worker-8: Creating project "PetStoreAutomation"] INFO  o.e.m.c.i.e.AbstractTransferListenerAdapter - Downloaded https://repo.maven.apache.org/maven2/org/codehaus/plexus/plexus-interactivity-api/1.0-alpha-4/plexus-interactivity-api-1.0-alpha-4.pom
2026-02-14 11:43:06,459 [Worker-8: Creating project "PetStoreAutomation"] INFO  o.e.m.c.i.e.AbstractTransferListenerAdapter - Downloaded https://repo.maven.apache.org/maven2/org/apache/maven/maven-monitor/2.0.6/maven-monitor-2.0.6.pom
2026-02-14 11:43:06,594 [Worker-8: Creating project "PetStoreAutomation"] INFO  o.e.m.c.i.e.AbstractTransferListenerAdapter - Downloaded https://repo.maven.apache.org/maven2/classworlds/classworlds/1.1/classworlds-1.1.pom
2026-02-14 11:43:06,715 [Worker-8: Creating project "PetStoreAutomation"] INFO  o.e.m.c.i.e.AbstractTransferListenerAdapter - Downloaded https://repo.maven.apache.org/maven2/org/apache/maven/shared/maven-shared-utils/0.1/maven-shared-utils-0.1.pom
2026-02-14 11:43:06,788 [Worker-8: Creating project "PetStoreAutomation"] INFO  o.e.m.c.i.e.AbstractTransferListenerAdapter - Downloaded https://repo.maven.apache.org/maven2/org/apache/maven/shared/maven-shared-components/18/maven-shared-components-18.pom
2026-02-14 11:43:07,248 [Worker-8: Creating project "PetStoreAutomation"] INFO  o.e.m.c.i.e.AbstractTransferListenerAdapter - Downloaded https://repo.maven.apache.org/maven2/org/apache/maven/maven-parent/22/maven-parent-22.pom
2026-02-14 11:43:07,304 [Worker-8: Creating project "PetStoreAutomation"] INFO  o.e.m.c.i.e.AbstractTransferListenerAdapter - Downloaded https://repo.maven.apache.org/maven2/org/apache/apache/11/apache-11.pom
2026-02-14 11:43:07,383 [Worker-8: Creating project "PetStoreAutomation"] INFO  o.e.m.c.i.e.AbstractTransferListenerAdapter - Downloaded https://repo.maven.apache.org/maven2/com/google/code/findbugs/jsr305/2.0.1/jsr305-2.0.1.pom
2026-02-14 11:43:07,433 [Worker-8: Creating project "PetStoreAutomation"] INFO  o.e.m.c.i.e.AbstractTransferListenerAdapter - Downloaded https://repo.maven.apache.org/maven2/org/apache/maven/shared/maven-shared-incremental/1.1/maven-shared-incremental-1.1.pom
2026-02-14 11:43:07,482 [Worker-8: Creating project "PetStoreAutomation"] INFO  o.e.m.c.i.e.AbstractTransferListenerAdapter - Downloaded https://repo.maven.apache.org/maven2/org/apache/maven/shared/maven-shared-components/19/maven-shared-components-19.pom
2026-02-14 11:43:07,538 [Worker-8: Creating project "PetStoreAutomation"] INFO  o.e.m.c.i.e.AbstractTransferListenerAdapter - Downloaded https://repo.maven.apache.org/maven2/org/apache/maven/maven-plugin-api/2.2.1/maven-plugin-api-2.2.1.pom
2026-02-14 11:43:07,624 [Worker-8: Creating project "PetStoreAutomation"] INFO  o.e.m.c.i.e.AbstractTransferListenerAdapter - Downloaded https://repo.maven.apache.org/maven2/org/apache/maven/maven/2.2.1/maven-2.2.1.pom
2026-02-14 11:43:08,043 [Worker-8: Creating project "PetStoreAutomation"] INFO  o.e.m.c.i.e.AbstractTransferListenerAdapter - Downloaded https://repo.maven.apache.org/maven2/org/apache/maven/maven-parent/11/maven-parent-11.pom
2026-02-14 11:43:08,114 [Worker-8: Creating project "PetStoreAutomation"] INFO  o.e.m.c.i.e.AbstractTransferListenerAdapter - Downloaded https://repo.maven.apache.org/maven2/org/apache/apache/5/apache-5.pom
2026-02-14 11:43:08,182 [Worker-8: Creating project "PetStoreAutomation"] INFO  o.e.m.c.i.e.AbstractTransferListenerAdapter - Downloaded https://repo.maven.apache.org/maven2/org/apache/maven/maven-core/2.2.1/maven-core-2.2.1.pom
2026-02-14 11:43:08,242 [Worker-8: Creating project "PetStoreAutomation"] INFO  o.e.m.c.i.e.AbstractTransferListenerAdapter - Downloaded https://repo.maven.apache.org/maven2/org/apache/maven/maven-settings/2.2.1/maven-settings-2.2.1.pom
2026-02-14 11:43:08,311 [Worker-8: Creating project "PetStoreAutomation"] INFO  o.e.m.c.i.e.AbstractTransferListenerAdapter - Downloaded https://repo.maven.apache.org/maven2/org/apache/maven/maven-model/2.2.1/maven-model-2.2.1.pom
2026-02-14 11:43:08,382 [Worker-8: Creating project "PetStoreAutomation"] INFO  o.e.m.c.i.e.AbstractTransferListenerAdapter - Downloaded https://repo.maven.apache.org/maven2/org/codehaus/plexus/plexus-utils/1.5.15/plexus-utils-1.5.15.pom
2026-02-14 11:43:08,459 [Worker-8: Creating project "PetStoreAutomation"] INFO  o.e.m.c.i.e.AbstractTransferListenerAdapter - Downloaded https://repo.maven.apache.org/maven2/org/codehaus/plexus/plexus/2.0.2/plexus-2.0.2.pom
2026-02-14 11:43:08,568 [Worker-8: Creating project "PetStoreAutomation"] INFO  o.e.m.c.i.e.AbstractTransferListenerAdapter - Downloaded https://repo.maven.apache.org/maven2/org/codehaus/plexus/plexus-interpolation/1.11/plexus-interpolation-1.11.pom
2026-02-14 11:43:08,626 [Worker-8: Creating project "PetStoreAutomation"] INFO  o.e.m.c.i.e.AbstractTransferListenerAdapter - Downloaded https://repo.maven.apache.org/maven2/org/codehaus/plexus/plexus-components/1.1.14/plexus-components-1.1.14.pom
2026-02-14 11:43:08,683 [Worker-8: Creating project "PetStoreAutomation"] INFO  o.e.m.c.i.e.AbstractTransferListenerAdapter - Downloaded https://repo.maven.apache.org/maven2/org/apache/maven/maven-plugin-parameter-documenter/2.2.1/maven-plugin-parameter-documenter-2.2.1.pom
2026-02-14 11:43:08,751 [Worker-8: Creating project "PetStoreAutomation"] INFO  o.e.m.c.i.e.AbstractTransferListenerAdapter - Downloaded https://repo.maven.apache.org/maven2/org/slf4j/slf4j-jdk14/1.5.6/slf4j-jdk14-1.5.6.pom
2026-02-14 11:43:08,828 [Worker-8: Creating project "PetStoreAutomation"] INFO  o.e.m.c.i.e.AbstractTransferListenerAdapter - Downloaded https://repo.maven.apache.org/maven2/org/slf4j/slf4j-parent/1.5.6/slf4j-parent-1.5.6.pom
2026-02-14 11:43:08,939 [Worker-8: Creating project "PetStoreAutomation"] INFO  o.e.m.c.i.e.AbstractTransferListenerAdapter - Downloaded https://repo.maven.apache.org/maven2/org/slf4j/slf4j-api/1.5.6/slf4j-api-1.5.6.pom
2026-02-14 11:43:08,987 [Worker-8: Creating project "PetStoreAutomation"] INFO  o.e.m.c.i.e.AbstractTransferListenerAdapter - Downloaded https://repo.maven.apache.org/maven2/org/slf4j/jcl-over-slf4j/1.5.6/jcl-over-slf4j-1.5.6.pom
2026-02-14 11:43:09,035 [Worker-8: Creating project "PetStoreAutomation"] INFO  o.e.m.c.i.e.AbstractTransferListenerAdapter - Downloaded https://repo.maven.apache.org/maven2/org/apache/maven/maven-profile/2.2.1/maven-profile-2.2.1.pom
2026-02-14 11:43:09,082 [Worker-8: Creating project "PetStoreAutomation"] INFO  o.e.m.c.i.e.AbstractTransferListenerAdapter - Downloaded https://repo.maven.apache.org/maven2/org/apache/maven/maven-artifact/2.2.1/maven-artifact-2.2.1.pom
2026-02-14 11:43:09,140 [Worker-8: Creating project "PetStoreAutomation"] INFO  o.e.m.c.i.e.AbstractTransferListenerAdapter - Downloaded https://repo.maven.apache.org/maven2/org/apache/maven/maven-repository-metadata/2.2.1/maven-repository-metadata-2.2.1.pom
2026-02-14 11:43:09,190 [Worker-8: Creating project "PetStoreAutomation"] INFO  o.e.m.c.i.e.AbstractTransferListenerAdapter - Downloaded https://repo.maven.apache.org/maven2/org/apache/maven/maven-error-diagnostics/2.2.1/maven-error-diagnostics-2.2.1.pom
2026-02-14 11:43:09,293 [Worker-8: Creating project "PetStoreAutomation"] INFO  o.e.m.c.i.e.AbstractTransferListenerAdapter - Downloaded https://repo.maven.apache.org/maven2/org/apache/maven/maven-project/2.2.1/maven-project-2.2.1.pom
2026-02-14 11:43:09,361 [Worker-8: Creating project "PetStoreAutomation"] INFO  o.e.m.c.i.e.AbstractTransferListenerAdapter - Downloaded https://repo.maven.apache.org/maven2/org/apache/maven/maven-artifact-manager/2.2.1/maven-artifact-manager-2.2.1.pom
2026-02-14 11:43:09,438 [Worker-8: Creating project "PetStoreAutomation"] INFO  o.e.m.c.i.e.AbstractTransferListenerAdapter - Downloaded https://repo.maven.apache.org/maven2/backport-util-concurrent/backport-util-concurrent/3.1/backport-util-concurrent-3.1.pom
2026-02-14 11:43:09,492 [Worker-8: Creating project "PetStoreAutomation"] INFO  o.e.m.c.i.e.AbstractTransferListenerAdapter - Downloaded https://repo.maven.apache.org/maven2/org/apache/maven/maven-plugin-registry/2.2.1/maven-plugin-registry-2.2.1.pom
2026-02-14 11:43:09,555 [Worker-8: Creating project "PetStoreAutomation"] INFO  o.e.m.c.i.e.AbstractTransferListenerAdapter - Downloaded https://repo.maven.apache.org/maven2/org/apache/maven/maven-plugin-descriptor/2.2.1/maven-plugin-descriptor-2.2.1.pom
2026-02-14 11:43:10,146 [Worker-8: Creating project "PetStoreAutomation"] INFO  o.e.m.c.i.e.AbstractTransferListenerAdapter - Downloaded https://repo.maven.apache.org/maven2/org/apache/maven/maven-monitor/2.2.1/maven-monitor-2.2.1.pom
2026-02-14 11:43:10,227 [Worker-8: Creating project "PetStoreAutomation"] INFO  o.e.m.c.i.e.AbstractTransferListenerAdapter - Downloaded https://repo.maven.apache.org/maven2/org/sonatype/plexus/plexus-sec-dispatcher/1.3/plexus-sec-dispatcher-1.3.pom
2026-02-14 11:43:10,302 [Worker-8: Creating project "PetStoreAutomation"] INFO  o.e.m.c.i.e.AbstractTransferListenerAdapter - Downloaded https://repo.maven.apache.org/maven2/org/sonatype/spice/spice-parent/12/spice-parent-12.pom
2026-02-14 11:43:10,374 [Worker-8: Creating project "PetStoreAutomation"] INFO  o.e.m.c.i.e.AbstractTransferListenerAdapter - Downloaded https://repo.maven.apache.org/maven2/org/sonatype/forge/forge-parent/4/forge-parent-4.pom
2026-02-14 11:43:10,445 [Worker-8: Creating project "PetStoreAutomation"] INFO  o.e.m.c.i.e.AbstractTransferListenerAdapter - Downloaded https://repo.maven.apache.org/maven2/org/codehaus/plexus/plexus-utils/1.5.5/plexus-utils-1.5.5.pom
2026-02-14 11:43:10,512 [Worker-8: Creating project "PetStoreAutomation"] INFO  o.e.m.c.i.e.AbstractTransferListenerAdapter - Downloaded https://repo.maven.apache.org/maven2/org/sonatype/plexus/plexus-cipher/1.4/plexus-cipher-1.4.pom
2026-02-14 11:43:10,859 [Worker-8: Creating project "PetStoreAutomation"] INFO  o.e.m.c.i.e.AbstractTransferListenerAdapter - Downloaded https://repo.maven.apache.org/maven2/org/codehaus/plexus/plexus-component-annotations/1.5.5/plexus-component-annotations-1.5.5.pom
2026-02-14 11:43:10,920 [Worker-8: Creating project "PetStoreAutomation"] INFO  o.e.m.c.i.e.AbstractTransferListenerAdapter - Downloaded https://repo.maven.apache.org/maven2/org/codehaus/plexus/plexus-containers/1.5.5/plexus-containers-1.5.5.pom
2026-02-14 11:43:10,995 [Worker-8: Creating project "PetStoreAutomation"] INFO  o.e.m.c.i.e.AbstractTransferListenerAdapter - Downloaded https://repo.maven.apache.org/maven2/org/codehaus/plexus/plexus/2.0.7/plexus-2.0.7.pom
2026-02-14 11:43:11,071 [Worker-8: Creating project "PetStoreAutomation"] INFO  o.e.m.c.i.e.AbstractTransferListenerAdapter - Downloaded https://repo.maven.apache.org/maven2/org/codehaus/plexus/plexus-compiler-api/2.2/plexus-compiler-api-2.2.pom
2026-02-14 11:43:11,142 [Worker-8: Creating project "PetStoreAutomation"] INFO  o.e.m.c.i.e.AbstractTransferListenerAdapter - Downloaded https://repo.maven.apache.org/maven2/org/codehaus/plexus/plexus-compiler/2.2/plexus-compiler-2.2.pom
2026-02-14 11:43:11,208 [Worker-8: Creating project "PetStoreAutomation"] INFO  o.e.m.c.i.e.AbstractTransferListenerAdapter - Downloaded https://repo.maven.apache.org/maven2/org/codehaus/plexus/plexus-components/1.3.1/plexus-components-1.3.1.pom
2026-02-14 11:43:11,298 [Worker-8: Creating project "PetStoreAutomation"] INFO  o.e.m.c.i.e.AbstractTransferListenerAdapter - Downloaded https://repo.maven.apache.org/maven2/org/codehaus/plexus/plexus/3.3.1/plexus-3.3.1.pom
2026-02-14 11:43:11,544 [Worker-8: Creating project "PetStoreAutomation"] INFO  o.e.m.c.i.e.AbstractTransferListenerAdapter - Downloaded https://repo.maven.apache.org/maven2/org/sonatype/spice/spice-parent/17/spice-parent-17.pom
2026-02-14 11:43:11,961 [Worker-8: Creating project "PetStoreAutomation"] INFO  o.e.m.c.i.e.AbstractTransferListenerAdapter - Downloaded https://repo.maven.apache.org/maven2/org/sonatype/forge/forge-parent/10/forge-parent-10.pom
2026-02-14 11:43:12,039 [Worker-8: Creating project "PetStoreAutomation"] INFO  o.e.m.c.i.e.AbstractTransferListenerAdapter - Downloaded https://repo.maven.apache.org/maven2/org/codehaus/plexus/plexus-utils/3.0.8/plexus-utils-3.0.8.pom
2026-02-14 11:43:12,106 [Worker-8: Creating project "PetStoreAutomation"] INFO  o.e.m.c.i.e.AbstractTransferListenerAdapter - Downloaded https://repo.maven.apache.org/maven2/org/codehaus/plexus/plexus/3.2/plexus-3.2.pom
2026-02-14 11:43:12,178 [Worker-8: Creating project "PetStoreAutomation"] INFO  o.e.m.c.i.e.AbstractTransferListenerAdapter - Downloaded https://repo.maven.apache.org/maven2/org/codehaus/plexus/plexus-compiler-manager/2.2/plexus-compiler-manager-2.2.pom
2026-02-14 11:43:12,253 [Worker-8: Creating project "PetStoreAutomation"] INFO  o.e.m.c.i.e.AbstractTransferListenerAdapter - Downloaded https://repo.maven.apache.org/maven2/org/codehaus/plexus/plexus-compiler-javac/2.2/plexus-compiler-javac-2.2.pom
2026-02-14 11:43:12,338 [Worker-8: Creating project "PetStoreAutomation"] INFO  o.e.m.c.i.e.AbstractTransferListenerAdapter - Downloaded https://repo.maven.apache.org/maven2/org/codehaus/plexus/plexus-compilers/2.2/plexus-compilers-2.2.pom
2026-02-14 11:43:12,408 [Worker-8: Creating project "PetStoreAutomation"] INFO  o.e.m.c.i.e.AbstractTransferListenerAdapter - Downloaded https://repo.maven.apache.org/maven2/org/codehaus/plexus/plexus-container-default/1.5.5/plexus-container-default-1.5.5.pom
2026-02-14 11:43:12,474 [Worker-8: Creating project "PetStoreAutomation"] INFO  o.e.m.c.i.e.AbstractTransferListenerAdapter - Downloaded https://repo.maven.apache.org/maven2/org/codehaus/plexus/plexus-utils/1.4.5/plexus-utils-1.4.5.pom
2026-02-14 11:43:12,534 [Worker-8: Creating project "PetStoreAutomation"] INFO  o.e.m.c.i.e.AbstractTransferListenerAdapter - Downloaded https://repo.maven.apache.org/maven2/org/codehaus/plexus/plexus-classworlds/2.2.2/plexus-classworlds-2.2.2.pom
2026-02-14 11:43:12,613 [Worker-8: Creating project "PetStoreAutomation"] INFO  o.e.m.c.i.e.AbstractTransferListenerAdapter - Downloaded https://repo.maven.apache.org/maven2/org/codehaus/plexus/plexus/2.0.3/plexus-2.0.3.pom
2026-02-14 11:43:12,684 [Worker-8: Creating project "PetStoreAutomation"] INFO  o.e.m.c.i.e.AbstractTransferListenerAdapter - Downloaded https://repo.maven.apache.org/maven2/org/apache/xbean/xbean-reflect/3.4/xbean-reflect-3.4.pom
2026-02-14 11:43:12,777 [Worker-8: Creating project "PetStoreAutomation"] INFO  o.e.m.c.i.e.AbstractTransferListenerAdapter - Downloaded https://repo.maven.apache.org/maven2/org/apache/xbean/xbean/3.4/xbean-3.4.pom
2026-02-14 11:43:12,859 [Worker-8: Creating project "PetStoreAutomation"] INFO  o.e.m.c.i.e.AbstractTransferListenerAdapter - Downloaded https://repo.maven.apache.org/maven2/log4j/log4j/1.2.12/log4j-1.2.12.pom
2026-02-14 11:43:12,929 [Worker-8: Creating project "PetStoreAutomation"] INFO  o.e.m.c.i.e.AbstractTransferListenerAdapter - Downloaded https://repo.maven.apache.org/maven2/commons-logging/commons-logging-api/1.1/commons-logging-api-1.1.pom
2026-02-14 11:43:12,993 [Worker-8: Creating project "PetStoreAutomation"] INFO  o.e.m.c.i.e.AbstractTransferListenerAdapter - Downloaded https://repo.maven.apache.org/maven2/com/google/collections/google-collections/1.0/google-collections-1.0.pom
2026-02-14 11:43:13,048 [Worker-8: Creating project "PetStoreAutomation"] INFO  o.e.m.c.i.e.AbstractTransferListenerAdapter - Downloaded https://repo.maven.apache.org/maven2/com/google/google/1/google-1.pom
2026-02-14 11:43:13,451 [Worker-8: Creating project "PetStoreAutomation"] INFO  o.e.m.c.i.e.AbstractTransferListenerAdapter - Downloaded https://repo.maven.apache.org/maven2/junit/junit/3.8.2/junit-3.8.2.pom
2026-02-14 11:43:13,500 [AetherRepositoryConnector-repo.maven.apache.org-0-1] INFO  o.e.m.c.i.e.AbstractTransferListenerAdapter - Downloading https://repo.maven.apache.org/maven2/org/apache/maven/maven-artifact/2.0.9/maven-artifact-2.0.9.jar
2026-02-14 11:43:13,518 [AetherRepositoryConnector-repo.maven.apache.org-0-0] INFO  o.e.m.c.i.e.AbstractTransferListenerAdapter - Downloading https://repo.maven.apache.org/maven2/org/apache/maven/maven-plugin-api/2.0.9/maven-plugin-api-2.0.9.jar
2026-02-14 11:43:13,525 [AetherRepositoryConnector-repo.maven.apache.org-0-3] INFO  o.e.m.c.i.e.AbstractTransferListenerAdapter - Downloading https://repo.maven.apache.org/maven2/org/apache/maven/maven-core/2.0.9/maven-core-2.0.9.jar
2026-02-14 11:43:13,539 [AetherRepositoryConnector-repo.maven.apache.org-0-2] INFO  o.e.m.c.i.e.AbstractTransferListenerAdapter - Downloading https://repo.maven.apache.org/maven2/org/codehaus/plexus/plexus-utils/1.5.1/plexus-utils-1.5.1.jar
2026-02-14 11:43:13,701 [AetherRepositoryConnector-repo.maven.apache.org-0-4] INFO  o.e.m.c.i.e.AbstractTransferListenerAdapter - Downloading https://repo.maven.apache.org/maven2/org/apache/maven/maven-settings/2.0.9/maven-settings-2.0.9.jar
2026-02-14 11:43:13,708 [AetherRepositoryConnector-repo.maven.apache.org-0-0] INFO  o.e.m.c.i.e.AbstractTransferListenerAdapter - Downloaded https://repo.maven.apache.org/maven2/org/apache/maven/maven-plugin-api/2.0.9/maven-plugin-api-2.0.9.jar
2026-02-14 11:43:13,708 [AetherRepositoryConnector-repo.maven.apache.org-0-1] INFO  o.e.m.c.i.e.AbstractTransferListenerAdapter - Downloaded https://repo.maven.apache.org/maven2/org/apache/maven/maven-artifact/2.0.9/maven-artifact-2.0.9.jar
2026-02-14 11:43:13,724 [AetherRepositoryConnector-repo.maven.apache.org-0-4] INFO  o.e.m.c.i.e.AbstractTransferListenerAdapter - Downloaded https://repo.maven.apache.org/maven2/org/apache/maven/maven-settings/2.0.9/maven-settings-2.0.9.jar
2026-02-14 11:43:13,740 [AetherRepositoryConnector-repo.maven.apache.org-0-0] INFO  o.e.m.c.i.e.AbstractTransferListenerAdapter - Downloading https://repo.maven.apache.org/maven2/org/apache/maven/maven-plugin-parameter-documenter/2.0.9/maven-plugin-parameter-documenter-2.0.9.jar
2026-02-14 11:43:13,742 [AetherRepositoryConnector-repo.maven.apache.org-0-3] INFO  o.e.m.c.i.e.AbstractTransferListenerAdapter - Downloaded https://repo.maven.apache.org/maven2/org/apache/maven/maven-core/2.0.9/maven-core-2.0.9.jar
2026-02-14 11:43:13,891 [AetherRepositoryConnector-repo.maven.apache.org-0-1] INFO  o.e.m.c.i.e.AbstractTransferListenerAdapter - Downloading https://repo.maven.apache.org/maven2/org/apache/maven/maven-profile/2.0.9/maven-profile-2.0.9.jar
2026-02-14 11:43:13,894 [AetherRepositoryConnector-repo.maven.apache.org-0-3] INFO  o.e.m.c.i.e.AbstractTransferListenerAdapter - Downloading https://repo.maven.apache.org/maven2/org/apache/maven/maven-repository-metadata/2.0.9/maven-repository-metadata-2.0.9.jar
2026-02-14 11:43:13,896 [AetherRepositoryConnector-repo.maven.apache.org-0-4] INFO  o.e.m.c.i.e.AbstractTransferListenerAdapter - Downloading https://repo.maven.apache.org/maven2/org/apache/maven/maven-model/2.0.9/maven-model-2.0.9.jar
2026-02-14 11:43:13,900 [AetherRepositoryConnector-repo.maven.apache.org-0-2] INFO  o.e.m.c.i.e.AbstractTransferListenerAdapter - Downloaded https://repo.maven.apache.org/maven2/org/codehaus/plexus/plexus-utils/1.5.1/plexus-utils-1.5.1.jar
2026-02-14 11:43:13,915 [AetherRepositoryConnector-repo.maven.apache.org-0-0] INFO  o.e.m.c.i.e.AbstractTransferListenerAdapter - Downloaded https://repo.maven.apache.org/maven2/org/apache/maven/maven-plugin-parameter-documenter/2.0.9/maven-plugin-parameter-documenter-2.0.9.jar
2026-02-14 11:43:13,937 [AetherRepositoryConnector-repo.maven.apache.org-0-1] INFO  o.e.m.c.i.e.AbstractTransferListenerAdapter - Downloaded https://repo.maven.apache.org/maven2/org/apache/maven/maven-profile/2.0.9/maven-profile-2.0.9.jar
2026-02-14 11:43:14,048 [AetherRepositoryConnector-repo.maven.apache.org-0-2] INFO  o.e.m.c.i.e.AbstractTransferListenerAdapter - Downloading https://repo.maven.apache.org/maven2/org/apache/maven/maven-error-diagnostics/2.0.9/maven-error-diagnostics-2.0.9.jar
2026-02-14 11:43:14,052 [AetherRepositoryConnector-repo.maven.apache.org-0-4] INFO  o.e.m.c.i.e.AbstractTransferListenerAdapter - Downloaded https://repo.maven.apache.org/maven2/org/apache/maven/maven-model/2.0.9/maven-model-2.0.9.jar
2026-02-14 11:43:15,454 [AetherRepositoryConnector-repo.maven.apache.org-0-0] INFO  o.e.m.c.i.e.AbstractTransferListenerAdapter - Downloading https://repo.maven.apache.org/maven2/org/apache/maven/maven-project/2.0.9/maven-project-2.0.9.jar
2026-02-14 11:43:15,460 [AetherRepositoryConnector-repo.maven.apache.org-0-3] INFO  o.e.m.c.i.e.AbstractTransferListenerAdapter - Downloaded https://repo.maven.apache.org/maven2/org/apache/maven/maven-repository-metadata/2.0.9/maven-repository-metadata-2.0.9.jar
2026-02-14 11:43:15,465 [AetherRepositoryConnector-repo.maven.apache.org-0-4] INFO  o.e.m.c.i.e.AbstractTransferListenerAdapter - Downloading https://repo.maven.apache.org/maven2/org/apache/maven/maven-plugin-descriptor/2.0.9/maven-plugin-descriptor-2.0.9.jar
2026-02-14 11:43:15,498 [AetherRepositoryConnector-repo.maven.apache.org-0-1] INFO  o.e.m.c.i.e.AbstractTransferListenerAdapter - Downloading https://repo.maven.apache.org/maven2/org/apache/maven/maven-plugin-registry/2.0.9/maven-plugin-registry-2.0.9.jar
2026-02-14 11:43:15,506 [AetherRepositoryConnector-repo.maven.apache.org-0-2] INFO  o.e.m.c.i.e.AbstractTransferListenerAdapter - Downloaded https://repo.maven.apache.org/maven2/org/apache/maven/maven-error-diagnostics/2.0.9/maven-error-diagnostics-2.0.9.jar
2026-02-14 11:43:15,521 [AetherRepositoryConnector-repo.maven.apache.org-0-3] INFO  o.e.m.c.i.e.AbstractTransferListenerAdapter - Downloading https://repo.maven.apache.org/maven2/org/apache/maven/maven-artifact-manager/2.0.9/maven-artifact-manager-2.0.9.jar
2026-02-14 11:43:15,523 [AetherRepositoryConnector-repo.maven.apache.org-0-4] INFO  o.e.m.c.i.e.AbstractTransferListenerAdapter - Downloaded https://repo.maven.apache.org/maven2/org/apache/maven/maven-plugin-descriptor/2.0.9/maven-plugin-descriptor-2.0.9.jar
2026-02-14 11:43:15,619 [AetherRepositoryConnector-repo.maven.apache.org-0-2] INFO  o.e.m.c.i.e.AbstractTransferListenerAdapter - Downloading https://repo.maven.apache.org/maven2/org/apache/maven/maven-monitor/2.0.9/maven-monitor-2.0.9.jar
2026-02-14 11:43:15,626 [AetherRepositoryConnector-repo.maven.apache.org-0-1] INFO  o.e.m.c.i.e.AbstractTransferListenerAdapter - Downloaded https://repo.maven.apache.org/maven2/org/apache/maven/maven-plugin-registry/2.0.9/maven-plugin-registry-2.0.9.jar
2026-02-14 11:43:15,626 [AetherRepositoryConnector-repo.maven.apache.org-0-0] INFO  o.e.m.c.i.e.AbstractTransferListenerAdapter - Downloaded https://repo.maven.apache.org/maven2/org/apache/maven/maven-project/2.0.9/maven-project-2.0.9.jar
2026-02-14 11:43:15,769 [AetherRepositoryConnector-repo.maven.apache.org-0-4] INFO  o.e.m.c.i.e.AbstractTransferListenerAdapter - Downloading https://repo.maven.apache.org/maven2/org/apache/maven/maven-toolchain/1.0/maven-toolchain-1.0.jar
2026-02-14 11:43:15,783 [AetherRepositoryConnector-repo.maven.apache.org-0-1] INFO  o.e.m.c.i.e.AbstractTransferListenerAdapter - Downloading https://repo.maven.apache.org/maven2/org/apache/maven/shared/maven-shared-utils/0.1/maven-shared-utils-0.1.jar
2026-02-14 11:43:17,194 [AetherRepositoryConnector-repo.maven.apache.org-0-0] INFO  o.e.m.c.i.e.AbstractTransferListenerAdapter - Downloading https://repo.maven.apache.org/maven2/com/google/code/findbugs/jsr305/2.0.1/jsr305-2.0.1.jar
2026-02-14 11:43:17,408 [AetherRepositoryConnector-repo.maven.apache.org-0-2] INFO  o.e.m.c.i.e.AbstractTransferListenerAdapter - Downloaded https://repo.maven.apache.org/maven2/org/apache/maven/maven-monitor/2.0.9/maven-monitor-2.0.9.jar
2026-02-14 11:43:17,409 [AetherRepositoryConnector-repo.maven.apache.org-0-4] INFO  o.e.m.c.i.e.AbstractTransferListenerAdapter - Downloaded https://repo.maven.apache.org/maven2/org/apache/maven/maven-toolchain/1.0/maven-toolchain-1.0.jar
2026-02-14 11:43:17,409 [AetherRepositoryConnector-repo.maven.apache.org-0-3] INFO  o.e.m.c.i.e.AbstractTransferListenerAdapter - Downloaded https://repo.maven.apache.org/maven2/org/apache/maven/maven-artifact-manager/2.0.9/maven-artifact-manager-2.0.9.jar
2026-02-14 11:43:17,409 [AetherRepositoryConnector-repo.maven.apache.org-0-1] INFO  o.e.m.c.i.e.AbstractTransferListenerAdapter - Downloaded https://repo.maven.apache.org/maven2/org/apache/maven/shared/maven-shared-utils/0.1/maven-shared-utils-0.1.jar
2026-02-14 11:43:17,504 [AetherRepositoryConnector-repo.maven.apache.org-0-0] INFO  o.e.m.c.i.e.AbstractTransferListenerAdapter - Downloaded https://repo.maven.apache.org/maven2/com/google/code/findbugs/jsr305/2.0.1/jsr305-2.0.1.jar
2026-02-14 11:43:17,841 [AetherRepositoryConnector-repo.maven.apache.org-0-2] INFO  o.e.m.c.i.e.AbstractTransferListenerAdapter - Downloading https://repo.maven.apache.org/maven2/org/apache/maven/shared/maven-shared-incremental/1.1/maven-shared-incremental-1.1.jar
2026-02-14 11:43:17,887 [AetherRepositoryConnector-repo.maven.apache.org-0-4] INFO  o.e.m.c.i.e.AbstractTransferListenerAdapter - Downloading https://repo.maven.apache.org/maven2/org/codehaus/plexus/plexus-component-annotations/1.5.5/plexus-component-annotations-1.5.5.jar
2026-02-14 11:43:17,895 [AetherRepositoryConnector-repo.maven.apache.org-0-0] INFO  o.e.m.c.i.e.AbstractTransferListenerAdapter - Downloading https://repo.maven.apache.org/maven2/org/codehaus/plexus/plexus-compiler-javac/2.2/plexus-compiler-javac-2.2.jar
2026-02-14 11:43:17,943 [AetherRepositoryConnector-repo.maven.apache.org-0-1] INFO  o.e.m.c.i.e.AbstractTransferListenerAdapter - Downloading https://repo.maven.apache.org/maven2/org/codehaus/plexus/plexus-compiler-manager/2.2/plexus-compiler-manager-2.2.jar
2026-02-14 11:43:17,958 [AetherRepositoryConnector-repo.maven.apache.org-0-3] INFO  o.e.m.c.i.e.AbstractTransferListenerAdapter - Downloading https://repo.maven.apache.org/maven2/org/codehaus/plexus/plexus-compiler-api/2.2/plexus-compiler-api-2.2.jar
2026-02-14 11:43:18,064 [AetherRepositoryConnector-repo.maven.apache.org-0-2] INFO  o.e.m.c.i.e.AbstractTransferListenerAdapter - Downloaded https://repo.maven.apache.org/maven2/org/apache/maven/shared/maven-shared-incremental/1.1/maven-shared-incremental-1.1.jar
2026-02-14 11:43:18,065 [AetherRepositoryConnector-repo.maven.apache.org-0-4] INFO  o.e.m.c.i.e.AbstractTransferListenerAdapter - Downloaded https://repo.maven.apache.org/maven2/org/codehaus/plexus/plexus-component-annotations/1.5.5/plexus-component-annotations-1.5.5.jar
2026-02-14 11:43:18,067 [AetherRepositoryConnector-repo.maven.apache.org-0-0] INFO  o.e.m.c.i.e.AbstractTransferListenerAdapter - Downloaded https://repo.maven.apache.org/maven2/org/codehaus/plexus/plexus-compiler-javac/2.2/plexus-compiler-javac-2.2.jar
2026-02-14 11:43:18,068 [AetherRepositoryConnector-repo.maven.apache.org-0-1] INFO  o.e.m.c.i.e.AbstractTransferListenerAdapter - Downloaded https://repo.maven.apache.org/maven2/org/codehaus/plexus/plexus-compiler-manager/2.2/plexus-compiler-manager-2.2.jar
2026-02-14 11:43:18,083 [AetherRepositoryConnector-repo.maven.apache.org-0-3] INFO  o.e.m.c.i.e.AbstractTransferListenerAdapter - Downloaded https://repo.maven.apache.org/maven2/org/codehaus/plexus/plexus-compiler-api/2.2/plexus-compiler-api-2.2.jar
2026-02-14 11:43:18,093 [AetherRepositoryConnector-repo.maven.apache.org-0-1] INFO  o.e.m.c.i.e.AbstractTransferListenerAdapter - Downloading https://repo.maven.apache.org/maven2/log4j/log4j/1.2.12/log4j-1.2.12.jar
2026-02-14 11:43:19,416 [AetherRepositoryConnector-repo.maven.apache.org-0-2] INFO  o.e.m.c.i.e.AbstractTransferListenerAdapter - Downloading https://repo.maven.apache.org/maven2/org/codehaus/plexus/plexus-container-default/1.5.5/plexus-container-default-1.5.5.jar
2026-02-14 11:43:19,416 [AetherRepositoryConnector-repo.maven.apache.org-0-4] INFO  o.e.m.c.i.e.AbstractTransferListenerAdapter - Downloading https://repo.maven.apache.org/maven2/org/codehaus/plexus/plexus-classworlds/2.2.2/plexus-classworlds-2.2.2.jar
2026-02-14 11:43:19,416 [AetherRepositoryConnector-repo.maven.apache.org-0-0] INFO  o.e.m.c.i.e.AbstractTransferListenerAdapter - Downloading https://repo.maven.apache.org/maven2/org/apache/xbean/xbean-reflect/3.4/xbean-reflect-3.4.jar
2026-02-14 11:43:22,564 [AetherRepositoryConnector-repo.maven.apache.org-0-3] INFO  o.e.m.c.i.e.AbstractTransferListenerAdapter - Downloading https://repo.maven.apache.org/maven2/commons-logging/commons-logging-api/1.1/commons-logging-api-1.1.jar
2026-02-14 11:43:22,893 [AetherRepositoryConnector-repo.maven.apache.org-0-4] INFO  o.e.m.c.i.e.AbstractTransferListenerAdapter - Downloaded https://repo.maven.apache.org/maven2/org/codehaus/plexus/plexus-classworlds/2.2.2/plexus-classworlds-2.2.2.jar
2026-02-14 11:43:22,897 [AetherRepositoryConnector-repo.maven.apache.org-0-3] INFO  o.e.m.c.i.e.AbstractTransferListenerAdapter - Downloaded https://repo.maven.apache.org/maven2/commons-logging/commons-logging-api/1.1/commons-logging-api-1.1.jar
2026-02-14 11:43:22,897 [AetherRepositoryConnector-repo.maven.apache.org-0-2] INFO  o.e.m.c.i.e.AbstractTransferListenerAdapter - Downloaded https://repo.maven.apache.org/maven2/org/codehaus/plexus/plexus-container-default/1.5.5/plexus-container-default-1.5.5.jar
2026-02-14 11:43:22,912 [AetherRepositoryConnector-repo.maven.apache.org-0-0] INFO  o.e.m.c.i.e.AbstractTransferListenerAdapter - Downloaded https://repo.maven.apache.org/maven2/org/apache/xbean/xbean-reflect/3.4/xbean-reflect-3.4.jar
2026-02-14 11:43:22,921 [AetherRepositoryConnector-repo.maven.apache.org-0-3] INFO  o.e.m.c.i.e.AbstractTransferListenerAdapter - Downloading https://repo.maven.apache.org/maven2/junit/junit/3.8.2/junit-3.8.2.jar
2026-02-14 11:43:23,021 [AetherRepositoryConnector-repo.maven.apache.org-0-4] INFO  o.e.m.c.i.e.AbstractTransferListenerAdapter - Downloading https://repo.maven.apache.org/maven2/com/google/collections/google-collections/1.0/google-collections-1.0.jar
2026-02-14 11:43:23,489 [AetherRepositoryConnector-repo.maven.apache.org-0-1] INFO  o.e.m.c.i.e.AbstractTransferListenerAdapter - Downloaded https://repo.maven.apache.org/maven2/log4j/log4j/1.2.12/log4j-1.2.12.jar
2026-02-14 11:43:23,541 [AetherRepositoryConnector-repo.maven.apache.org-0-3] INFO  o.e.m.c.i.e.AbstractTransferListenerAdapter - Downloaded https://repo.maven.apache.org/maven2/junit/junit/3.8.2/junit-3.8.2.jar
2026-02-14 11:43:23,587 [AetherRepositoryConnector-repo.maven.apache.org-0-4] INFO  o.e.m.c.i.e.AbstractTransferListenerAdapter - Downloaded https://repo.maven.apache.org/maven2/com/google/collections/google-collections/1.0/google-collections-1.0.jar
2026-02-14 11:43:23,797 [Worker-8: Creating project "PetStoreAutomation"] INFO  o.e.m.c.i.l.LifecycleMappingFactory - Using org.eclipse.m2e.jdt.JarLifecycleMapping lifecycle mapping for MavenProject: PetStoreAutomation:PetStoreAutomation:0.0.1-SNAPSHOT @ C:\Users\SCLPT 123\eclipse-workspace\PetStoreAutomation\pom.xml.
2026-02-14 11:43:23,870 [Worker-8: Creating project "PetStoreAutomation"] INFO  o.e.m.c.i.e.AbstractTransferListenerAdapter - Downloaded https://repo.maven.apache.org/maven2/org/apache/maven/plugins/maven-resources-plugin/2.6/maven-resources-plugin-2.6.pom
2026-02-14 11:43:23,915 [Worker-8: Creating project "PetStoreAutomation"] INFO  o.e.m.c.i.e.AbstractTransferListenerAdapter - Downloaded https://repo.maven.apache.org/maven2/org/apache/maven/plugins/maven-plugins/23/maven-plugins-23.pom
2026-02-14 11:43:23,998 [Worker-8: Creating project "PetStoreAutomation"] INFO  o.e.m.c.i.e.AbstractTransferListenerAdapter - Downloaded https://repo.maven.apache.org/maven2/org/codehaus/plexus/plexus-utils/2.0.5/plexus-utils-2.0.5.pom
2026-02-14 11:43:24,043 [Worker-8: Creating project "PetStoreAutomation"] INFO  o.e.m.c.i.e.AbstractTransferListenerAdapter - Downloaded https://repo.maven.apache.org/maven2/org/codehaus/plexus/plexus/2.0.6/plexus-2.0.6.pom
2026-02-14 11:43:24,485 [Worker-8: Creating project "PetStoreAutomation"] INFO  o.e.m.c.i.e.AbstractTransferListenerAdapter - Downloaded https://repo.maven.apache.org/maven2/org/apache/maven/shared/maven-filtering/1.1/maven-filtering-1.1.pom
2026-02-14 11:43:24,559 [Worker-8: Creating project "PetStoreAutomation"] INFO  o.e.m.c.i.e.AbstractTransferListenerAdapter - Downloaded https://repo.maven.apache.org/maven2/org/apache/maven/shared/maven-shared-components/17/maven-shared-components-17.pom
2026-02-14 11:43:24,631 [Worker-8: Creating project "PetStoreAutomation"] INFO  o.e.m.c.i.e.AbstractTransferListenerAdapter - Downloaded https://repo.maven.apache.org/maven2/org/apache/maven/maven-parent/21/maven-parent-21.pom
2026-02-14 11:43:24,721 [Worker-8: Creating project "PetStoreAutomation"] INFO  o.e.m.c.i.e.AbstractTransferListenerAdapter - Downloaded https://repo.maven.apache.org/maven2/org/apache/apache/10/apache-10.pom
2026-02-14 11:43:24,770 [Worker-8: Creating project "PetStoreAutomation"] INFO  o.e.m.c.i.e.AbstractTransferListenerAdapter - Downloaded https://repo.maven.apache.org/maven2/org/codehaus/plexus/plexus-interpolation/1.12/plexus-interpolation-1.12.pom
2026-02-14 11:43:25,737 [Worker-8: Creating project "PetStoreAutomation"] INFO  o.e.m.c.i.e.AbstractTransferListenerAdapter - Downloaded https://repo.maven.apache.org/maven2/org/sonatype/plexus/plexus-build-api/0.0.4/plexus-build-api-0.0.4.pom
2026-02-14 11:43:25,821 [Worker-8: Creating project "PetStoreAutomation"] INFO  o.e.m.c.i.e.AbstractTransferListenerAdapter - Downloaded https://repo.maven.apache.org/maven2/org/sonatype/spice/spice-parent/10/spice-parent-10.pom
2026-02-14 11:43:25,984 [Worker-8: Creating project "PetStoreAutomation"] INFO  o.e.m.c.i.e.AbstractTransferListenerAdapter - Downloaded https://repo.maven.apache.org/maven2/org/sonatype/forge/forge-parent/3/forge-parent-3.pom
2026-02-14 11:43:26,128 [Worker-8: Creating project "PetStoreAutomation"] INFO  o.e.m.c.i.e.AbstractTransferListenerAdapter - Downloaded https://repo.maven.apache.org/maven2/org/codehaus/plexus/plexus-utils/1.5.8/plexus-utils-1.5.8.pom
2026-02-14 11:43:26,286 [Worker-8: Creating project "PetStoreAutomation"] INFO  o.e.m.c.i.e.AbstractTransferListenerAdapter - Downloaded https://repo.maven.apache.org/maven2/org/codehaus/plexus/plexus-interpolation/1.13/plexus-interpolation-1.13.pom
2026-02-14 11:43:26,349 [Worker-8: Creating project "PetStoreAutomation"] INFO  o.e.m.c.i.e.AbstractTransferListenerAdapter - Downloaded https://repo.maven.apache.org/maven2/org/codehaus/plexus/plexus-components/1.1.15/plexus-components-1.1.15.pom
2026-02-14 11:43:26,426 [AetherRepositoryConnector-repo.maven.apache.org-1-0] INFO  o.e.m.c.i.e.AbstractTransferListenerAdapter - Downloading https://repo.maven.apache.org/maven2/org/apache/maven/maven-plugin-api/2.0.6/maven-plugin-api-2.0.6.jar
2026-02-14 11:43:26,553 [AetherRepositoryConnector-repo.maven.apache.org-1-1] INFO  o.e.m.c.i.e.AbstractTransferListenerAdapter - Downloading https://repo.maven.apache.org/maven2/org/apache/maven/maven-project/2.0.6/maven-project-2.0.6.jar
2026-02-14 11:43:26,604 [AetherRepositoryConnector-repo.maven.apache.org-1-4] INFO  o.e.m.c.i.e.AbstractTransferListenerAdapter - Downloading https://repo.maven.apache.org/maven2/org/apache/maven/maven-plugin-registry/2.0.6/maven-plugin-registry-2.0.6.jar
2026-02-14 11:43:27,894 [AetherRepositoryConnector-repo.maven.apache.org-1-2] INFO  o.e.m.c.i.e.AbstractTransferListenerAdapter - Downloading https://repo.maven.apache.org/maven2/org/apache/maven/maven-profile/2.0.6/maven-profile-2.0.6.jar
2026-02-14 11:43:28,027 [AetherRepositoryConnector-repo.maven.apache.org-1-3] INFO  o.e.m.c.i.e.AbstractTransferListenerAdapter - Downloading https://repo.maven.apache.org/maven2/org/apache/maven/maven-artifact-manager/2.0.6/maven-artifact-manager-2.0.6.jar
2026-02-14 11:43:28,157 [AetherRepositoryConnector-repo.maven.apache.org-1-0] INFO  o.e.m.c.i.e.AbstractTransferListenerAdapter - Downloaded https://repo.maven.apache.org/maven2/org/apache/maven/maven-plugin-api/2.0.6/maven-plugin-api-2.0.6.jar
2026-02-14 11:43:28,158 [AetherRepositoryConnector-repo.maven.apache.org-1-4] INFO  o.e.m.c.i.e.AbstractTransferListenerAdapter - Downloaded https://repo.maven.apache.org/maven2/org/apache/maven/maven-plugin-registry/2.0.6/maven-plugin-registry-2.0.6.jar
2026-02-14 11:43:28,164 [AetherRepositoryConnector-repo.maven.apache.org-1-1] INFO  o.e.m.c.i.e.AbstractTransferListenerAdapter - Downloaded https://repo.maven.apache.org/maven2/org/apache/maven/maven-project/2.0.6/maven-project-2.0.6.jar
2026-02-14 11:43:28,164 [AetherRepositoryConnector-repo.maven.apache.org-1-2] INFO  o.e.m.c.i.e.AbstractTransferListenerAdapter - Downloaded https://repo.maven.apache.org/maven2/org/apache/maven/maven-profile/2.0.6/maven-profile-2.0.6.jar
2026-02-14 11:43:28,414 [AetherRepositoryConnector-repo.maven.apache.org-1-0] INFO  o.e.m.c.i.e.AbstractTransferListenerAdapter - Downloading https://repo.maven.apache.org/maven2/org/apache/maven/maven-core/2.0.6/maven-core-2.0.6.jar
2026-02-14 11:43:28,930 [AetherRepositoryConnector-repo.maven.apache.org-1-4] INFO  o.e.m.c.i.e.AbstractTransferListenerAdapter - Downloading https://repo.maven.apache.org/maven2/org/apache/maven/maven-plugin-parameter-documenter/2.0.6/maven-plugin-parameter-documenter-2.0.6.jar
2026-02-14 11:43:28,935 [AetherRepositoryConnector-repo.maven.apache.org-1-3] INFO  o.e.m.c.i.e.AbstractTransferListenerAdapter - Downloaded https://repo.maven.apache.org/maven2/org/apache/maven/maven-artifact-manager/2.0.6/maven-artifact-manager-2.0.6.jar
2026-02-14 11:43:28,969 [AetherRepositoryConnector-repo.maven.apache.org-1-2] INFO  o.e.m.c.i.e.AbstractTransferListenerAdapter - Downloading https://repo.maven.apache.org/maven2/org/apache/maven/doxia/doxia-sink-api/1.0-alpha-7/doxia-sink-api-1.0-alpha-7.jar
2026-02-14 11:43:28,985 [AetherRepositoryConnector-repo.maven.apache.org-1-1] INFO  o.e.m.c.i.e.AbstractTransferListenerAdapter - Downloading https://repo.maven.apache.org/maven2/org/apache/maven/reporting/maven-reporting-api/2.0.6/maven-reporting-api-2.0.6.jar
2026-02-14 11:43:29,004 [AetherRepositoryConnector-repo.maven.apache.org-1-3] INFO  o.e.m.c.i.e.AbstractTransferListenerAdapter - Downloading https://repo.maven.apache.org/maven2/org/apache/maven/maven-repository-metadata/2.0.6/maven-repository-metadata-2.0.6.jar
2026-02-14 11:43:29,047 [AetherRepositoryConnector-repo.maven.apache.org-1-0] INFO  o.e.m.c.i.e.AbstractTransferListenerAdapter - Downloaded https://repo.maven.apache.org/maven2/org/apache/maven/maven-core/2.0.6/maven-core-2.0.6.jar
2026-02-14 11:43:29,047 [AetherRepositoryConnector-repo.maven.apache.org-1-4] INFO  o.e.m.c.i.e.AbstractTransferListenerAdapter - Downloaded https://repo.maven.apache.org/maven2/org/apache/maven/maven-plugin-parameter-documenter/2.0.6/maven-plugin-parameter-documenter-2.0.6.jar
2026-02-14 11:43:29,049 [AetherRepositoryConnector-repo.maven.apache.org-1-2] INFO  o.e.m.c.i.e.AbstractTransferListenerAdapter - Downloaded https://repo.maven.apache.org/maven2/org/apache/maven/doxia/doxia-sink-api/1.0-alpha-7/doxia-sink-api-1.0-alpha-7.jar
2026-02-14 11:43:29,050 [AetherRepositoryConnector-repo.maven.apache.org-1-1] INFO  o.e.m.c.i.e.AbstractTransferListenerAdapter - Downloaded https://repo.maven.apache.org/maven2/org/apache/maven/reporting/maven-reporting-api/2.0.6/maven-reporting-api-2.0.6.jar
2026-02-14 11:43:29,063 [AetherRepositoryConnector-repo.maven.apache.org-1-3] INFO  o.e.m.c.i.e.AbstractTransferListenerAdapter - Downloaded https://repo.maven.apache.org/maven2/org/apache/maven/maven-repository-metadata/2.0.6/maven-repository-metadata-2.0.6.jar
2026-02-14 11:43:29,075 [AetherRepositoryConnector-repo.maven.apache.org-1-4] INFO  o.e.m.c.i.e.AbstractTransferListenerAdapter - Downloading https://repo.maven.apache.org/maven2/commons-cli/commons-cli/1.0/commons-cli-1.0.jar
2026-02-14 11:43:29,136 [AetherRepositoryConnector-repo.maven.apache.org-1-1] INFO  o.e.m.c.i.e.AbstractTransferListenerAdapter - Downloading https://repo.maven.apache.org/maven2/org/codehaus/plexus/plexus-interactivity-api/1.0-alpha-4/plexus-interactivity-api-1.0-alpha-4.jar
2026-02-14 11:43:29,156 [AetherRepositoryConnector-repo.maven.apache.org-1-0] INFO  o.e.m.c.i.e.AbstractTransferListenerAdapter - Downloading https://repo.maven.apache.org/maven2/org/apache/maven/maven-error-diagnostics/2.0.6/maven-error-diagnostics-2.0.6.jar
2026-02-14 11:43:29,235 [AetherRepositoryConnector-repo.maven.apache.org-1-2] INFO  o.e.m.c.i.e.AbstractTransferListenerAdapter - Downloading https://repo.maven.apache.org/maven2/org/apache/maven/maven-plugin-descriptor/2.0.6/maven-plugin-descriptor-2.0.6.jar
2026-02-14 11:43:29,376 [AetherRepositoryConnector-repo.maven.apache.org-1-3] INFO  o.e.m.c.i.e.AbstractTransferListenerAdapter - Downloading https://repo.maven.apache.org/maven2/classworlds/classworlds/1.1/classworlds-1.1.jar
2026-02-14 11:43:29,386 [AetherRepositoryConnector-repo.maven.apache.org-1-0] INFO  o.e.m.c.i.e.AbstractTransferListenerAdapter - Downloaded https://repo.maven.apache.org/maven2/org/apache/maven/maven-error-diagnostics/2.0.6/maven-error-diagnostics-2.0.6.jar
2026-02-14 11:43:29,386 [AetherRepositoryConnector-repo.maven.apache.org-1-4] INFO  o.e.m.c.i.e.AbstractTransferListenerAdapter - Downloaded https://repo.maven.apache.org/maven2/commons-cli/commons-cli/1.0/commons-cli-1.0.jar
2026-02-14 11:43:29,386 [AetherRepositoryConnector-repo.maven.apache.org-1-1] INFO  o.e.m.c.i.e.AbstractTransferListenerAdapter - Downloaded https://repo.maven.apache.org/maven2/org/codehaus/plexus/plexus-interactivity-api/1.0-alpha-4/plexus-interactivity-api-1.0-alpha-4.jar
2026-02-14 11:43:29,399 [AetherRepositoryConnector-repo.maven.apache.org-1-2] INFO  o.e.m.c.i.e.AbstractTransferListenerAdapter - Downloaded https://repo.maven.apache.org/maven2/org/apache/maven/maven-plugin-descriptor/2.0.6/maven-plugin-descriptor-2.0.6.jar
2026-02-14 11:43:29,416 [AetherRepositoryConnector-repo.maven.apache.org-1-0] INFO  o.e.m.c.i.e.AbstractTransferListenerAdapter - Downloading https://repo.maven.apache.org/maven2/org/apache/maven/maven-artifact/2.0.6/maven-artifact-2.0.6.jar
2026-02-14 11:43:29,541 [AetherRepositoryConnector-repo.maven.apache.org-1-1] INFO  o.e.m.c.i.e.AbstractTransferListenerAdapter - Downloading https://repo.maven.apache.org/maven2/org/apache/maven/maven-model/2.0.6/maven-model-2.0.6.jar
2026-02-14 11:43:29,642 [AetherRepositoryConnector-repo.maven.apache.org-1-4] INFO  o.e.m.c.i.e.AbstractTransferListenerAdapter - Downloading https://repo.maven.apache.org/maven2/org/apache/maven/maven-settings/2.0.6/maven-settings-2.0.6.jar
2026-02-14 11:43:29,684 [AetherRepositoryConnector-repo.maven.apache.org-1-2] INFO  o.e.m.c.i.e.AbstractTransferListenerAdapter - Downloading https://repo.maven.apache.org/maven2/org/apache/maven/maven-monitor/2.0.6/maven-monitor-2.0.6.jar
2026-02-14 11:43:29,689 [AetherRepositoryConnector-repo.maven.apache.org-1-3] INFO  o.e.m.c.i.e.AbstractTransferListenerAdapter - Downloaded https://repo.maven.apache.org/maven2/classworlds/classworlds/1.1/classworlds-1.1.jar
2026-02-14 11:43:29,692 [AetherRepositoryConnector-repo.maven.apache.org-1-0] INFO  o.e.m.c.i.e.AbstractTransferListenerAdapter - Downloaded https://repo.maven.apache.org/maven2/org/apache/maven/maven-artifact/2.0.6/maven-artifact-2.0.6.jar
2026-02-14 11:43:29,724 [AetherRepositoryConnector-repo.maven.apache.org-1-4] INFO  o.e.m.c.i.e.AbstractTransferListenerAdapter - Downloaded https://repo.maven.apache.org/maven2/org/apache/maven/maven-settings/2.0.6/maven-settings-2.0.6.jar
2026-02-14 11:43:29,738 [AetherRepositoryConnector-repo.maven.apache.org-1-3] INFO  o.e.m.c.i.e.AbstractTransferListenerAdapter - Downloading https://repo.maven.apache.org/maven2/org/codehaus/plexus/plexus-container-default/1.0-alpha-9-stable-1/plexus-container-default-1.0-alpha-9-stable-1.jar
2026-02-14 11:43:29,743 [AetherRepositoryConnector-repo.maven.apache.org-1-2] INFO  o.e.m.c.i.e.AbstractTransferListenerAdapter - Downloaded https://repo.maven.apache.org/maven2/org/apache/maven/maven-monitor/2.0.6/maven-monitor-2.0.6.jar
2026-02-14 11:43:29,993 [AetherRepositoryConnector-repo.maven.apache.org-1-0] INFO  o.e.m.c.i.e.AbstractTransferListenerAdapter - Downloading https://repo.maven.apache.org/maven2/junit/junit/3.8.1/junit-3.8.1.jar
2026-02-14 11:43:30,168 [AetherRepositoryConnector-repo.maven.apache.org-1-2] INFO  o.e.m.c.i.e.AbstractTransferListenerAdapter - Downloading https://repo.maven.apache.org/maven2/org/apache/maven/shared/maven-filtering/1.1/maven-filtering-1.1.jar
2026-02-14 11:43:30,170 [AetherRepositoryConnector-repo.maven.apache.org-1-4] INFO  o.e.m.c.i.e.AbstractTransferListenerAdapter - Downloading https://repo.maven.apache.org/maven2/org/codehaus/plexus/plexus-utils/2.0.5/plexus-utils-2.0.5.jar
2026-02-14 11:43:30,172 [AetherRepositoryConnector-repo.maven.apache.org-1-1] INFO  o.e.m.c.i.e.AbstractTransferListenerAdapter - Downloaded https://repo.maven.apache.org/maven2/org/apache/maven/maven-model/2.0.6/maven-model-2.0.6.jar
2026-02-14 11:43:30,342 [AetherRepositoryConnector-repo.maven.apache.org-1-1] INFO  o.e.m.c.i.e.AbstractTransferListenerAdapter - Downloading https://repo.maven.apache.org/maven2/org/sonatype/plexus/plexus-build-api/0.0.4/plexus-build-api-0.0.4.jar
2026-02-14 11:43:30,345 [AetherRepositoryConnector-repo.maven.apache.org-1-2] INFO  o.e.m.c.i.e.AbstractTransferListenerAdapter - Downloaded https://repo.maven.apache.org/maven2/org/apache/maven/shared/maven-filtering/1.1/maven-filtering-1.1.jar
2026-02-14 11:43:30,345 [AetherRepositoryConnector-repo.maven.apache.org-1-0] INFO  o.e.m.c.i.e.AbstractTransferListenerAdapter - Downloaded https://repo.maven.apache.org/maven2/junit/junit/3.8.1/junit-3.8.1.jar
2026-02-14 11:43:30,345 [AetherRepositoryConnector-repo.maven.apache.org-1-3] INFO  o.e.m.c.i.e.AbstractTransferListenerAdapter - Downloaded https://repo.maven.apache.org/maven2/org/codehaus/plexus/plexus-container-default/1.0-alpha-9-stable-1/plexus-container-default-1.0-alpha-9-stable-1.jar
2026-02-14 11:43:30,363 [AetherRepositoryConnector-repo.maven.apache.org-1-2] INFO  o.e.m.c.i.e.AbstractTransferListenerAdapter - Downloading https://repo.maven.apache.org/maven2/org/codehaus/plexus/plexus-interpolation/1.13/plexus-interpolation-1.13.jar
2026-02-14 11:43:30,412 [AetherRepositoryConnector-repo.maven.apache.org-1-4] INFO  o.e.m.c.i.e.AbstractTransferListenerAdapter - Downloaded https://repo.maven.apache.org/maven2/org/codehaus/plexus/plexus-utils/2.0.5/plexus-utils-2.0.5.jar
2026-02-14 11:43:30,423 [AetherRepositoryConnector-repo.maven.apache.org-1-1] INFO  o.e.m.c.i.e.AbstractTransferListenerAdapter - Downloaded https://repo.maven.apache.org/maven2/org/sonatype/plexus/plexus-build-api/0.0.4/plexus-build-api-0.0.4.jar
2026-02-14 11:43:30,437 [AetherRepositoryConnector-repo.maven.apache.org-1-2] INFO  o.e.m.c.i.e.AbstractTransferListenerAdapter - Downloaded https://repo.maven.apache.org/maven2/org/codehaus/plexus/plexus-interpolation/1.13/plexus-interpolation-1.13.jar
2026-02-14 11:43:30,571 [Worker-8: Creating project "PetStoreAutomation"] INFO  o.e.m.j.i.AbstractJavaProjectConfigurator - Adding source folder /PetStoreAutomation/src/main/java
2026-02-14 11:43:30,573 [Worker-8: Creating project "PetStoreAutomation"] INFO  o.e.m.j.i.AbstractJavaProjectConfigurator - Adding resource folder /PetStoreAutomation/src/main/resources
2026-02-14 11:43:30,574 [Worker-8: Creating project "PetStoreAutomation"] INFO  o.e.m.j.i.AbstractJavaProjectConfigurator - Adding source folder /PetStoreAutomation/src/test/java
2026-02-14 11:43:30,574 [Worker-8: Creating project "PetStoreAutomation"] INFO  o.e.m.j.i.AbstractJavaProjectConfigurator - Adding resource folder /PetStoreAutomation/src/test/resources
2026-02-14 11:43:32,339 [Worker-24: Building] WARN  o.e.m.c.i.embedder.EclipseLogger - Using platform encoding (UTF-8 actually) to copy filtered resources, i.e. build is platform dependent!
2026-02-14 11:43:32,346 [Worker-24: Building] INFO  o.e.m.c.i.embedder.EclipseLogger - Copying 0 resource
2026-02-14 11:43:32,348 [Worker-24: Building] WARN  o.e.m.c.i.embedder.EclipseLogger - Using platform encoding (UTF-8 actually) to copy filtered resources, i.e. build is platform dependent!
2026-02-14 11:43:32,349 [Worker-24: Building] INFO  o.e.m.c.i.embedder.EclipseLogger - Copying 0 resource
2026-02-14 12:12:42,340 [Worker-29: Building] WARN  o.e.m.c.i.embedder.EclipseLogger - Using platform encoding (UTF-8 actually) to copy filtered resources, i.e. build is platform dependent!
2026-02-14 12:12:42,348 [Worker-29: Building] INFO  o.e.m.c.i.embedder.EclipseLogger - Copying 0 resource
2026-02-14 12:12:42,349 [Worker-29: Building] WARN  o.e.m.c.i.embedder.EclipseLogger - Using platform encoding (UTF-8 actually) to copy filtered resources, i.e. build is platform dependent!
2026-02-14 12:12:42,350 [Worker-29: Building] INFO  o.e.m.c.i.embedder.EclipseLogger - Copying 0 resource
2026-02-14 12:14:55,089 [Worker-32: Building] WARN  o.e.m.c.i.embedder.EclipseLogger - Using platform encoding (UTF-8 actually) to copy filtered resources, i.e. build is platform dependent!
2026-02-14 12:14:55,091 [Worker-32: Building] INFO  o.e.m.c.i.embedder.EclipseLogger - Copying 0 resource
2026-02-14 12:14:55,092 [Worker-32: Building] WARN  o.e.m.c.i.embedder.EclipseLogger - Using platform encoding (UTF-8 actually) to copy filtered resources, i.e. build is platform dependent!
2026-02-14 12:14:55,093 [Worker-32: Building] INFO  o.e.m.c.i.embedder.EclipseLogger - Copying 0 resource
2026-02-14 12:16:33,411 [Worker-30: Building] WARN  o.e.m.c.i.embedder.EclipseLogger - Using platform encoding (UTF-8 actually) to copy filtered resources, i.e. build is platform dependent!
2026-02-14 12:16:33,411 [Worker-30: Building] INFO  o.e.m.c.i.embedder.EclipseLogger - Copying 0 resource
2026-02-14 12:16:33,412 [Worker-30: Building] WARN  o.e.m.c.i.embedder.EclipseLogger - Using platform encoding (UTF-8 actually) to copy filtered resources, i.e. build is platform dependent!
2026-02-14 12:16:33,413 [Worker-30: Building] INFO  o.e.m.c.i.embedder.EclipseLogger - Copying 0 resource
2026-02-14 12:16:54,468 [Worker-34: Building] WARN  o.e.m.c.i.embedder.EclipseLogger - Using platform encoding (UTF-8 actually) to copy filtered resources, i.e. build is platform dependent!
2026-02-14 12:16:54,471 [Worker-34: Building] INFO  o.e.m.c.i.embedder.EclipseLogger - Copying 0 resource
2026-02-14 12:16:54,474 [Worker-34: Building] WARN  o.e.m.c.i.embedder.EclipseLogger - Using platform encoding (UTF-8 actually) to copy filtered resources, i.e. build is platform dependent!
2026-02-14 12:16:54,476 [Worker-34: Building] INFO  o.e.m.c.i.embedder.EclipseLogger - Copying 0 resource
2026-02-14 13:00:01,485 [Worker-47: Updating Maven Project] INFO  o.e.m.c.i.p.ProjectConfigurationManager - Update started
2026-02-14 13:00:02,478 [Worker-47: Updating Maven Project] INFO  o.e.m.c.i.l.LifecycleMappingFactory - Using org.eclipse.m2e.jdt.JarLifecycleMapping lifecycle mapping for MavenProject: PetStoreAutomation:PetStoreAutomation:0.0.1-SNAPSHOT @ C:\Users\SCLPT 123\eclipse-workspace\PetStoreAutomation\pom.xml.
2026-02-14 13:00:02,651 [Worker-47: Updating Maven Project] INFO  o.e.m.j.i.AbstractJavaProjectConfigurator - Adding source folder /PetStoreAutomation/src/main/java
2026-02-14 13:00:02,652 [Worker-47: Updating Maven Project] INFO  o.e.m.j.i.AbstractJavaProjectConfigurator - Adding resource folder /PetStoreAutomation/src/main/resources
2026-02-14 13:00:02,652 [Worker-47: Updating Maven Project] INFO  o.e.m.j.i.AbstractJavaProjectConfigurator - Adding source folder /PetStoreAutomation/src/test/java
2026-02-14 13:00:02,653 [Worker-47: Updating Maven Project] INFO  o.e.m.j.i.AbstractJavaProjectConfigurator - Adding resource folder /PetStoreAutomation/src/test/resources
2026-02-14 13:00:02,824 [Worker-47: Updating Maven Project] INFO  o.e.m.c.i.p.ProjectConfigurationManager - Update completed: 1 sec
2026-02-14 13:00:02,967 [Worker-47: Building] WARN  o.e.m.c.i.embedder.EclipseLogger - Using platform encoding (UTF-8 actually) to copy filtered resources, i.e. build is platform dependent!
2026-02-14 13:00:02,972 [Worker-47: Building] INFO  o.e.m.c.i.embedder.EclipseLogger - Copying 0 resource
2026-02-14 13:00:02,973 [Worker-47: Building] WARN  o.e.m.c.i.embedder.EclipseLogger - Using platform encoding (UTF-8 actually) to copy filtered resources, i.e. build is platform dependent!
2026-02-14 13:00:02,974 [Worker-47: Building] INFO  o.e.m.c.i.embedder.EclipseLogger - Copying 0 resource
2026-02-14 13:04:27,198 [Worker-48: Building] WARN  o.e.m.c.i.embedder.EclipseLogger - Using platform encoding (UTF-8 actually) to copy filtered resources, i.e. build is platform dependent!
2026-02-14 13:04:27,200 [Worker-48: Building] INFO  o.e.m.c.i.embedder.EclipseLogger - Copying 0 resource
2026-02-14 13:04:27,201 [Worker-48: Building] WARN  o.e.m.c.i.embedder.EclipseLogger - Using platform encoding (UTF-8 actually) to copy filtered resources, i.e. build is platform dependent!
2026-02-14 13:04:27,203 [Worker-48: Building] INFO  o.e.m.c.i.embedder.EclipseLogger - Copying 0 resource
2026-02-14 13:05:10,202 [Worker-52: Building] WARN  o.e.m.c.i.embedder.EclipseLogger - Using platform encoding (UTF-8 actually) to copy filtered resources, i.e. build is platform dependent!
2026-02-14 13:05:10,203 [Worker-52: Building] INFO  o.e.m.c.i.embedder.EclipseLogger - Copying 0 resource
2026-02-14 13:05:10,204 [Worker-52: Building] WARN  o.e.m.c.i.embedder.EclipseLogger - Using platform encoding (UTF-8 actually) to copy filtered resources, i.e. build is platform dependent!
2026-02-14 13:05:10,204 [Worker-52: Building] INFO  o.e.m.c.i.embedder.EclipseLogger - Copying 0 resource
2026-02-14 13:05:21,163 [Worker-52: Building] WARN  o.e.m.c.i.embedder.EclipseLogger - Using platform encoding (UTF-8 actually) to copy filtered resources, i.e. build is platform dependent!
2026-02-14 13:05:21,164 [Worker-52: Building] INFO  o.e.m.c.i.embedder.EclipseLogger - Copying 0 resource
2026-02-14 13:05:21,165 [Worker-52: Building] WARN  o.e.m.c.i.embedder.EclipseLogger - Using platform encoding (UTF-8 actually) to copy filtered resources, i.e. build is platform dependent!
2026-02-14 13:05:21,167 [Worker-52: Building] INFO  o.e.m.c.i.embedder.EclipseLogger - Copying 0 resource
2026-02-14 13:05:32,512 [Worker-51: Building] WARN  o.e.m.c.i.embedder.EclipseLogger - Using platform encoding (UTF-8 actually) to copy filtered resources, i.e. build is platform dependent!
2026-02-14 13:05:32,513 [Worker-51: Building] INFO  o.e.m.c.i.embedder.EclipseLogger - Copying 0 resource
2026-02-14 13:05:32,514 [Worker-51: Building] WARN  o.e.m.c.i.embedder.EclipseLogger - Using platform encoding (UTF-8 actually) to copy filtered resources, i.e. build is platform dependent!
2026-02-14 13:05:32,515 [Worker-51: Building] INFO  o.e.m.c.i.embedder.EclipseLogger - Copying 0 resource
2026-02-14 13:06:17,855 [Worker-52: Building] WARN  o.e.m.c.i.embedder.EclipseLogger - Using platform encoding (UTF-8 actually) to copy filtered resources, i.e. build is platform dependent!
2026-02-14 13:06:17,855 [Worker-52: Building] INFO  o.e.m.c.i.embedder.EclipseLogger - Copying 0 resource
2026-02-14 13:06:17,856 [Worker-52: Building] WARN  o.e.m.c.i.embedder.EclipseLogger - Using platform encoding (UTF-8 actually) to copy filtered resources, i.e. build is platform dependent!
2026-02-14 13:06:17,857 [Worker-52: Building] INFO  o.e.m.c.i.embedder.EclipseLogger - Copying 0 resource
2026-02-14 13:06:27,768 [Worker-52: Building] WARN  o.e.m.c.i.embedder.EclipseLogger - Using platform encoding (UTF-8 actually) to copy filtered resources, i.e. build is platform dependent!
2026-02-14 13:06:27,770 [Worker-52: Building] INFO  o.e.m.c.i.embedder.EclipseLogger - Copying 0 resource
2026-02-14 13:06:27,771 [Worker-52: Building] WARN  o.e.m.c.i.embedder.EclipseLogger - Using platform encoding (UTF-8 actually) to copy filtered resources, i.e. build is platform dependent!
2026-02-14 13:06:27,772 [Worker-52: Building] INFO  o.e.m.c.i.embedder.EclipseLogger - Copying 0 resource
2026-02-14 13:07:42,720 [Worker-51: Building] WARN  o.e.m.c.i.embedder.EclipseLogger - Using platform encoding (UTF-8 actually) to copy filtered resources, i.e. build is platform dependent!
2026-02-14 13:07:42,722 [Worker-51: Building] INFO  o.e.m.c.i.embedder.EclipseLogger - Copying 0 resource
2026-02-14 13:07:42,723 [Worker-51: Building] WARN  o.e.m.c.i.embedder.EclipseLogger - Using platform encoding (UTF-8 actually) to copy filtered resources, i.e. build is platform dependent!
2026-02-14 13:07:42,723 [Worker-51: Building] INFO  o.e.m.c.i.embedder.EclipseLogger - Copying 0 resource
2026-02-14 13:08:21,701 [Worker-51: Building] WARN  o.e.m.c.i.embedder.EclipseLogger - Using platform encoding (UTF-8 actually) to copy filtered resources, i.e. build is platform dependent!
2026-02-14 13:08:21,702 [Worker-51: Building] INFO  o.e.m.c.i.embedder.EclipseLogger - Copying 0 resource
2026-02-14 13:08:21,703 [Worker-51: Building] WARN  o.e.m.c.i.embedder.EclipseLogger - Using platform encoding (UTF-8 actually) to copy filtered resources, i.e. build is platform dependent!
2026-02-14 13:08:21,704 [Worker-51: Building] INFO  o.e.m.c.i.embedder.EclipseLogger - Copying 0 resource
2026-02-14 13:11:39,898 [Worker-54: Building] WARN  o.e.m.c.i.embedder.EclipseLogger - Using platform encoding (UTF-8 actually) to copy filtered resources, i.e. build is platform dependent!
2026-02-14 13:11:39,900 [Worker-54: Building] INFO  o.e.m.c.i.embedder.EclipseLogger - Copying 0 resource
2026-02-14 13:11:39,901 [Worker-54: Building] WARN  o.e.m.c.i.embedder.EclipseLogger - Using platform encoding (UTF-8 actually) to copy filtered resources, i.e. build is platform dependent!
2026-02-14 13:11:39,903 [Worker-54: Building] INFO  o.e.m.c.i.embedder.EclipseLogger - Copying 0 resource
2026-02-14 13:11:40,911 [Worker-54: Building] WARN  o.e.m.c.i.embedder.EclipseLogger - Using platform encoding (UTF-8 actually) to copy filtered resources, i.e. build is platform dependent!
2026-02-14 13:11:40,913 [Worker-54: Building] INFO  o.e.m.c.i.embedder.EclipseLogger - Copying 0 resource
2026-02-14 13:11:40,914 [Worker-54: Building] WARN  o.e.m.c.i.embedder.EclipseLogger - Using platform encoding (UTF-8 actually) to copy filtered resources, i.e. build is platform dependent!
2026-02-14 13:11:40,914 [Worker-54: Building] INFO  o.e.m.c.i.embedder.EclipseLogger - Copying 0 resource
2026-02-14 13:29:10,904 [Worker-54: Building] WARN  o.e.m.c.i.embedder.EclipseLogger - Using platform encoding (UTF-8 actually) to copy filtered resources, i.e. build is platform dependent!
2026-02-14 13:29:10,910 [Worker-54: Building] INFO  o.e.m.c.i.embedder.EclipseLogger - Copying 0 resource
2026-02-14 13:29:10,912 [Worker-54: Building] WARN  o.e.m.c.i.embedder.EclipseLogger - Using platform encoding (UTF-8 actually) to copy filtered resources, i.e. build is platform dependent!
2026-02-14 13:29:10,915 [Worker-54: Building] INFO  o.e.m.c.i.embedder.EclipseLogger - Copying 0 resource
2026-02-14 13:32:36,956 [Worker-57: Building] WARN  o.e.m.c.i.embedder.EclipseLogger - Using platform encoding (UTF-8 actually) to copy filtered resources, i.e. build is platform dependent!
2026-02-14 13:32:36,957 [Worker-57: Building] INFO  o.e.m.c.i.embedder.EclipseLogger - Copying 0 resource
2026-02-14 13:32:36,958 [Worker-57: Building] WARN  o.e.m.c.i.embedder.EclipseLogger - Using platform encoding (UTF-8 actually) to copy filtered resources, i.e. build is platform dependent!
2026-02-14 13:32:36,959 [Worker-57: Building] INFO  o.e.m.c.i.embedder.EclipseLogger - Copying 0 resource
2026-02-14 17:44:11,179 [Worker-65: Building] WARN  o.e.m.c.i.embedder.EclipseLogger - Using platform encoding (UTF-8 actually) to copy filtered resources, i.e. build is platform dependent!
2026-02-14 17:44:11,190 [Worker-65: Building] INFO  o.e.m.c.i.embedder.EclipseLogger - Copying 0 resource
2026-02-14 17:44:11,194 [Worker-65: Building] WARN  o.e.m.c.i.embedder.EclipseLogger - Using platform encoding (UTF-8 actually) to copy filtered resources, i.e. build is platform dependent!
2026-02-14 17:44:11,197 [Worker-65: Building] INFO  o.e.m.c.i.embedder.EclipseLogger - Copying 0 resource
2026-02-15 13:34:24,714 [Worker-74: Building] INFO  o.e.m.c.i.l.LifecycleMappingFactory - Using org.eclipse.m2e.jdt.JarLifecycleMapping lifecycle mapping for MavenProject: PetStoreAutomation:PetStoreAutomation:0.0.1-SNAPSHOT @ C:\Users\SCLPT 123\eclipse-workspace\PetStoreAutomation\pom.xml.
2026-02-15 13:34:24,974 [Worker-74: Building] WARN  o.e.m.c.i.embedder.EclipseLogger - The POM for com.github.scribejava:scribejava-apis:jar:9.1.0 is missing, no dependency information available
2026-02-15 13:34:26,091 [Worker-74: Building] WARN  o.e.m.c.i.embedder.EclipseLogger - Using platform encoding (UTF-8 actually) to copy filtered resources, i.e. build is platform dependent!
2026-02-15 13:34:26,097 [Worker-74: Building] INFO  o.e.m.c.i.embedder.EclipseLogger - Copying 0 resource
2026-02-15 13:34:26,100 [Worker-74: Building] WARN  o.e.m.c.i.embedder.EclipseLogger - Using platform encoding (UTF-8 actually) to copy filtered resources, i.e. build is platform dependent!
2026-02-15 13:34:26,101 [Worker-74: Building] INFO  o.e.m.c.i.embedder.EclipseLogger - Copying 0 resource
2026-02-15 13:34:26,588 [Worker-73: Download sources and javadoc] WARN  o.e.m.c.i.embedder.EclipseLogger - The POM for com.github.scribejava:scribejava-apis:jar:9.1.0 is missing, no dependency information available
2026-02-15 13:34:26,963 [Worker-73: Download sources and javadoc] INFO  o.e.m.c.i.e.AbstractTransferListenerAdapter - Downloading https://repo.maven.apache.org/maven2/io/rest-assured/rest-assured/6.0.0/rest-assured-6.0.0-sources.jar
2026-02-15 13:34:27,642 [Worker-73: Download sources and javadoc] INFO  o.e.m.c.i.e.AbstractTransferListenerAdapter - Downloaded https://repo.maven.apache.org/maven2/io/rest-assured/rest-assured/6.0.0/rest-assured-6.0.0-sources.jar
2026-02-15 13:34:27,649 [Worker-73: Download sources and javadoc] INFO  o.e.m.j.internal.DownloadSourcesJob - Downloaded sources for io.rest-assured:rest-assured:6.0.0
2026-02-15 13:34:27,765 [Worker-73: Download sources and javadoc] INFO  o.e.m.c.i.e.AbstractTransferListenerAdapter - Downloading https://repo.maven.apache.org/maven2/org/apache/groovy/groovy/5.0.3/groovy-5.0.3-sources.jar
2026-02-15 13:34:33,896 [Worker-73: Download sources and javadoc] INFO  o.e.m.c.i.e.AbstractTransferListenerAdapter - Downloaded https://repo.maven.apache.org/maven2/org/apache/groovy/groovy/5.0.3/groovy-5.0.3-sources.jar
2026-02-15 13:34:33,902 [Worker-73: Download sources and javadoc] INFO  o.e.m.j.internal.DownloadSourcesJob - Downloaded sources for org.apache.groovy:groovy:5.0.3
2026-02-15 13:34:34,182 [Worker-73: Download sources and javadoc] INFO  o.e.m.c.i.e.AbstractTransferListenerAdapter - Downloading https://repo.maven.apache.org/maven2/org/apache/groovy/groovy-xml/5.0.3/groovy-xml-5.0.3-sources.jar
2026-02-15 13:34:34,387 [Worker-73: Download sources and javadoc] INFO  o.e.m.c.i.e.AbstractTransferListenerAdapter - Downloaded https://repo.maven.apache.org/maven2/org/apache/groovy/groovy-xml/5.0.3/groovy-xml-5.0.3-sources.jar
2026-02-15 13:34:34,390 [Worker-73: Download sources and javadoc] INFO  o.e.m.j.internal.DownloadSourcesJob - Downloaded sources for org.apache.groovy:groovy-xml:5.0.3
2026-02-15 13:34:34,866 [Worker-73: Download sources and javadoc] INFO  o.e.m.c.i.e.AbstractTransferListenerAdapter - Downloading https://repo.maven.apache.org/maven2/org/apache/httpcomponents/httpclient/4.5.13/httpclient-4.5.13-sources.jar
2026-02-15 13:34:35,307 [Worker-73: Download sources and javadoc] INFO  o.e.m.c.i.e.AbstractTransferListenerAdapter - Downloaded https://repo.maven.apache.org/maven2/org/apache/httpcomponents/httpclient/4.5.13/httpclient-4.5.13-sources.jar
2026-02-15 13:34:35,311 [Worker-73: Download sources and javadoc] INFO  o.e.m.j.internal.DownloadSourcesJob - Downloaded sources for org.apache.httpcomponents:httpclient:4.5.13
2026-02-15 13:34:35,542 [Worker-73: Download sources and javadoc] INFO  o.e.m.c.i.e.AbstractTransferListenerAdapter - Downloading https://repo.maven.apache.org/maven2/org/apache/httpcomponents/httpcore/4.4.13/httpcore-4.4.13-sources.jar
2026-02-15 13:34:35,804 [Worker-73: Download sources and javadoc] INFO  o.e.m.c.i.e.AbstractTransferListenerAdapter - Downloaded https://repo.maven.apache.org/maven2/org/apache/httpcomponents/httpcore/4.4.13/httpcore-4.4.13-sources.jar
2026-02-15 13:34:35,809 [Worker-73: Download sources and javadoc] INFO  o.e.m.j.internal.DownloadSourcesJob - Downloaded sources for org.apache.httpcomponents:httpcore:4.4.13
2026-02-15 13:34:35,997 [Worker-73: Download sources and javadoc] INFO  o.e.m.c.i.e.AbstractTransferListenerAdapter - Downloading https://repo.maven.apache.org/maven2/commons-logging/commons-logging/1.2/commons-logging-1.2-sources.jar
2026-02-15 13:34:36,068 [Worker-73: Download sources and javadoc] INFO  o.e.m.c.i.e.AbstractTransferListenerAdapter - Downloaded https://repo.maven.apache.org/maven2/commons-logging/commons-logging/1.2/commons-logging-1.2-sources.jar
2026-02-15 13:34:36,071 [Worker-73: Download sources and javadoc] INFO  o.e.m.j.internal.DownloadSourcesJob - Downloaded sources for commons-logging:commons-logging:1.2
2026-02-15 13:34:36,210 [Worker-73: Download sources and javadoc] INFO  o.e.m.c.i.e.AbstractTransferListenerAdapter - Downloading https://repo.maven.apache.org/maven2/org/apache/httpcomponents/httpmime/4.5.13/httpmime-4.5.13-sources.jar
2026-02-15 13:34:36,297 [Worker-73: Download sources and javadoc] INFO  o.e.m.c.i.e.AbstractTransferListenerAdapter - Downloaded https://repo.maven.apache.org/maven2/org/apache/httpcomponents/httpmime/4.5.13/httpmime-4.5.13-sources.jar
2026-02-15 13:34:36,299 [Worker-73: Download sources and javadoc] INFO  o.e.m.j.internal.DownloadSourcesJob - Downloaded sources for org.apache.httpcomponents:httpmime:4.5.13
2026-02-15 13:34:36,426 [Worker-73: Download sources and javadoc] INFO  o.e.m.c.i.e.AbstractTransferListenerAdapter - Downloading https://repo.maven.apache.org/maven2/org/hamcrest/hamcrest/2.2/hamcrest-2.2-sources.jar
2026-02-15 13:34:36,489 [Worker-73: Download sources and javadoc] INFO  o.e.m.c.i.e.AbstractTransferListenerAdapter - Downloaded https://repo.maven.apache.org/maven2/org/hamcrest/hamcrest/2.2/hamcrest-2.2-sources.jar
2026-02-15 13:34:36,492 [Worker-73: Download sources and javadoc] INFO  o.e.m.j.internal.DownloadSourcesJob - Downloaded sources for org.hamcrest:hamcrest:2.2
2026-02-15 13:34:36,640 [Worker-73: Download sources and javadoc] INFO  o.e.m.c.i.e.AbstractTransferListenerAdapter - Downloading https://repo.maven.apache.org/maven2/org/ccil/cowan/tagsoup/tagsoup/1.2.1/tagsoup-1.2.1-sources.jar
2026-02-15 13:34:36,746 [Worker-73: Download sources and javadoc] INFO  o.e.m.c.i.e.AbstractTransferListenerAdapter - Downloaded https://repo.maven.apache.org/maven2/org/ccil/cowan/tagsoup/tagsoup/1.2.1/tagsoup-1.2.1-sources.jar
2026-02-15 13:34:36,753 [Worker-73: Download sources and javadoc] INFO  o.e.m.j.internal.DownloadSourcesJob - Downloaded sources for org.ccil.cowan.tagsoup:tagsoup:1.2.1
2026-02-15 13:34:36,921 [Worker-73: Download sources and javadoc] INFO  o.e.m.c.i.e.AbstractTransferListenerAdapter - Downloading https://repo.maven.apache.org/maven2/io/rest-assured/json-path/6.0.0/json-path-6.0.0-sources.jar
2026-02-15 13:34:36,968 [Worker-73: Download sources and javadoc] INFO  o.e.m.c.i.e.AbstractTransferListenerAdapter - Downloaded https://repo.maven.apache.org/maven2/io/rest-assured/json-path/6.0.0/json-path-6.0.0-sources.jar
2026-02-15 13:34:36,976 [Worker-73: Download sources and javadoc] INFO  o.e.m.j.internal.DownloadSourcesJob - Downloaded sources for io.rest-assured:json-path:6.0.0
2026-02-15 13:34:37,152 [Worker-73: Download sources and javadoc] INFO  o.e.m.c.i.e.AbstractTransferListenerAdapter - Downloading https://repo.maven.apache.org/maven2/org/apache/groovy/groovy-json/5.0.3/groovy-json-5.0.3-sources.jar
2026-02-15 13:34:37,634 [Worker-73: Download sources and javadoc] INFO  o.e.m.c.i.e.AbstractTransferListenerAdapter - Downloaded https://repo.maven.apache.org/maven2/org/apache/groovy/groovy-json/5.0.3/groovy-json-5.0.3-sources.jar
2026-02-15 13:34:37,640 [Worker-73: Download sources and javadoc] INFO  o.e.m.j.internal.DownloadSourcesJob - Downloaded sources for org.apache.groovy:groovy-json:5.0.3
2026-02-15 13:34:37,788 [Worker-73: Download sources and javadoc] INFO  o.e.m.c.i.e.AbstractTransferListenerAdapter - Downloading https://repo.maven.apache.org/maven2/io/rest-assured/rest-assured-common/6.0.0/rest-assured-common-6.0.0-sources.jar
2026-02-15 13:34:37,915 [Worker-73: Download sources and javadoc] INFO  o.e.m.c.i.e.AbstractTransferListenerAdapter - Downloaded https://repo.maven.apache.org/maven2/io/rest-assured/rest-assured-common/6.0.0/rest-assured-common-6.0.0-sources.jar
2026-02-15 13:34:37,921 [Worker-73: Download sources and javadoc] INFO  o.e.m.j.internal.DownloadSourcesJob - Downloaded sources for io.rest-assured:rest-assured-common:6.0.0
2026-02-15 13:34:38,185 [Worker-73: Download sources and javadoc] INFO  o.e.m.c.i.e.AbstractTransferListenerAdapter - Downloading https://repo.maven.apache.org/maven2/io/rest-assured/xml-path/6.0.0/xml-path-6.0.0-sources.jar
2026-02-15 13:34:38,317 [Worker-73: Download sources and javadoc] INFO  o.e.m.c.i.e.AbstractTransferListenerAdapter - Downloaded https://repo.maven.apache.org/maven2/io/rest-assured/xml-path/6.0.0/xml-path-6.0.0-sources.jar
2026-02-15 13:34:38,324 [Worker-73: Download sources and javadoc] INFO  o.e.m.j.internal.DownloadSourcesJob - Downloaded sources for io.rest-assured:xml-path:6.0.0
2026-02-15 13:34:38,547 [Worker-73: Download sources and javadoc] INFO  o.e.m.c.i.e.AbstractTransferListenerAdapter - Downloading https://repo.maven.apache.org/maven2/org/json/json/20230227/json-20230227-sources.jar
2026-02-15 13:34:38,773 [Worker-73: Download sources and javadoc] INFO  o.e.m.c.i.e.AbstractTransferListenerAdapter - Downloaded https://repo.maven.apache.org/maven2/org/json/json/20230227/json-20230227-sources.jar
2026-02-15 13:34:38,780 [Worker-73: Download sources and javadoc] INFO  o.e.m.j.internal.DownloadSourcesJob - Downloaded sources for org.json:json:20230227
2026-02-15 13:34:38,967 [Worker-73: Download sources and javadoc] INFO  o.e.m.c.i.e.AbstractTransferListenerAdapter - Downloading https://repo.maven.apache.org/maven2/org/testng/testng/7.12.0/testng-7.12.0-sources.jar
2026-02-15 13:34:41,134 [Worker-73: Download sources and javadoc] INFO  o.e.m.c.i.e.AbstractTransferListenerAdapter - Downloaded https://repo.maven.apache.org/maven2/org/testng/testng/7.12.0/testng-7.12.0-sources.jar
2026-02-15 13:34:41,145 [Worker-73: Download sources and javadoc] INFO  o.e.m.j.internal.DownloadSourcesJob - Downloaded sources for org.testng:testng:7.12.0
2026-02-15 13:34:41,414 [Worker-73: Download sources and javadoc] INFO  o.e.m.c.i.e.AbstractTransferListenerAdapter - Downloading https://repo.maven.apache.org/maven2/org/slf4j/slf4j-api/2.0.16/slf4j-api-2.0.16-sources.jar
2026-02-15 13:34:41,854 [Worker-73: Download sources and javadoc] INFO  o.e.m.c.i.e.AbstractTransferListenerAdapter - Downloaded https://repo.maven.apache.org/maven2/org/slf4j/slf4j-api/2.0.16/slf4j-api-2.0.16-sources.jar
2026-02-15 13:34:41,863 [Worker-73: Download sources and javadoc] INFO  o.e.m.j.internal.DownloadSourcesJob - Downloaded sources for org.slf4j:slf4j-api:2.0.16
2026-02-15 13:34:42,075 [Worker-73: Download sources and javadoc] INFO  o.e.m.c.i.e.AbstractTransferListenerAdapter - Downloading https://repo.maven.apache.org/maven2/org/jcommander/jcommander/1.83/jcommander-1.83-sources.jar
2026-02-15 13:34:42,472 [Worker-73: Download sources and javadoc] INFO  o.e.m.c.i.e.AbstractTransferListenerAdapter - Downloaded https://repo.maven.apache.org/maven2/org/jcommander/jcommander/1.83/jcommander-1.83-sources.jar
2026-02-15 13:34:42,478 [Worker-73: Download sources and javadoc] INFO  o.e.m.j.internal.DownloadSourcesJob - Downloaded sources for org.jcommander:jcommander:1.83
2026-02-15 13:34:43,113 [Worker-73: Download sources and javadoc] INFO  o.e.m.c.i.e.AbstractTransferListenerAdapter - Downloading https://repo.maven.apache.org/maven2/org/webjars/jquery/3.7.1/jquery-3.7.1-sources.jar
2026-02-15 13:34:43,310 [Worker-73: Download sources and javadoc] INFO  o.e.m.c.i.e.AbstractTransferListenerAdapter - Downloaded https://repo.maven.apache.org/maven2/org/webjars/jquery/3.7.1/jquery-3.7.1-sources.jar
2026-02-15 13:34:43,314 [Worker-73: Download sources and javadoc] INFO  o.e.m.j.internal.DownloadSourcesJob - Downloaded sources for org.webjars:jquery:3.7.1
2026-02-15 13:34:43,733 [Worker-73: Download sources and javadoc] INFO  o.e.m.c.i.e.AbstractTransferListenerAdapter - Downloaded https://repo.maven.apache.org/maven2/com/github/scribejava/scribejava-apis/9.1.0/scribejava-apis-9.1.0-sources.jar
2026-02-15 13:34:43,746 [Worker-73: Download sources and javadoc] ERROR o.e.m.j.internal.DownloadSourcesJob - Could not download sources for com.github.scribejava:scribejava-apis:9.1.0
org.eclipse.core.runtime.CoreException: Could not resolve artifact com.github.scribejava:scribejava-apis:jar:sources:9.1.0
	at org.eclipse.m2e.core.internal.embedder.MavenImpl.lambda$4(MavenImpl.java:804)
	at org.eclipse.m2e.core.internal.embedder.MavenExecutionContext.executeBare(MavenExecutionContext.java:179)
	at org.eclipse.m2e.core.internal.embedder.MavenExecutionContext.execute(MavenExecutionContext.java:114)
	at org.eclipse.m2e.core.internal.embedder.MavenExecutionContext.execute(MavenExecutionContext.java:101)
	at org.eclipse.m2e.core.internal.embedder.MavenImpl.resolve(MavenImpl.java:772)
	at org.eclipse.m2e.core.internal.embedder.MavenImpl.resolve(MavenImpl.java:749)
	at org.eclipse.m2e.jdt.internal.DownloadSourcesJob.download(DownloadSourcesJob.java:330)
	at org.eclipse.m2e.jdt.internal.DownloadSourcesJob.downloadAttachments(DownloadSourcesJob.java:304)
	at org.eclipse.m2e.jdt.internal.DownloadSourcesJob.downloadMaven(DownloadSourcesJob.java:269)
	at org.eclipse.m2e.jdt.internal.DownloadSourcesJob.downloadFilesAndPopulateToUpdate(DownloadSourcesJob.java:233)
	at org.eclipse.m2e.jdt.internal.DownloadSourcesJob.lambda$0(DownloadSourcesJob.java:161)
	at org.eclipse.m2e.core.internal.embedder.MavenExecutionContext.executeBare(MavenExecutionContext.java:179)
	at org.eclipse.m2e.core.internal.embedder.MavenExecutionContext.execute(MavenExecutionContext.java:153)
	at org.eclipse.m2e.core.internal.embedder.MavenExecutionContext.execute(MavenExecutionContext.java:101)
	at org.eclipse.m2e.core.internal.embedder.MavenImpl.execute(MavenImpl.java:1374)
	at org.eclipse.m2e.jdt.internal.DownloadSourcesJob.run(DownloadSourcesJob.java:161)
	at org.eclipse.core.internal.jobs.Worker.run(Worker.java:63)
2026-02-15 13:34:43,909 [Worker-73: Download sources and javadoc] INFO  o.e.m.c.i.e.AbstractTransferListenerAdapter - Downloading https://repo.maven.apache.org/maven2/io/rest-assured/json-schema-validator/5.1.1/json-schema-validator-5.1.1-sources.jar
2026-02-15 13:34:43,987 [Worker-73: Download sources and javadoc] INFO  o.e.m.c.i.e.AbstractTransferListenerAdapter - Downloaded https://repo.maven.apache.org/maven2/io/rest-assured/json-schema-validator/5.1.1/json-schema-validator-5.1.1-sources.jar
2026-02-15 13:34:43,993 [Worker-73: Download sources and javadoc] INFO  o.e.m.j.internal.DownloadSourcesJob - Downloaded sources for io.rest-assured:json-schema-validator:5.1.1
2026-02-15 13:34:44,140 [Worker-73: Download sources and javadoc] INFO  o.e.m.c.i.e.AbstractTransferListenerAdapter - Downloading https://repo.maven.apache.org/maven2/com/github/java-json-tools/json-schema-validator/2.2.14/json-schema-validator-2.2.14-sources.jar
2026-02-15 13:34:44,833 [Worker-73: Download sources and javadoc] INFO  o.e.m.c.i.e.AbstractTransferListenerAdapter - Downloaded https://repo.maven.apache.org/maven2/com/github/java-json-tools/json-schema-validator/2.2.14/json-schema-validator-2.2.14-sources.jar
2026-02-15 13:34:44,838 [Worker-73: Download sources and javadoc] INFO  o.e.m.j.internal.DownloadSourcesJob - Downloaded sources for com.github.java-json-tools:json-schema-validator:2.2.14
2026-02-15 13:34:45,147 [Worker-73: Download sources and javadoc] INFO  o.e.m.c.i.e.AbstractTransferListenerAdapter - Downloading https://repo.maven.apache.org/maven2/com/google/guava/guava/28.2-android/guava-28.2-android-sources.jar
2026-02-15 13:34:50,262 [Worker-73: Download sources and javadoc] INFO  o.e.m.c.i.e.AbstractTransferListenerAdapter - Downloaded https://repo.maven.apache.org/maven2/com/google/guava/guava/28.2-android/guava-28.2-android-sources.jar
2026-02-15 13:34:50,268 [Worker-73: Download sources and javadoc] INFO  o.e.m.j.internal.DownloadSourcesJob - Downloaded sources for com.google.guava:guava:28.2-android
2026-02-15 13:34:50,475 [Worker-73: Download sources and javadoc] INFO  o.e.m.c.i.e.AbstractTransferListenerAdapter - Downloading https://repo.maven.apache.org/maven2/com/google/guava/failureaccess/1.0.1/failureaccess-1.0.1-sources.jar
2026-02-15 13:34:50,599 [Worker-73: Download sources and javadoc] INFO  o.e.m.c.i.e.AbstractTransferListenerAdapter - Downloaded https://repo.maven.apache.org/maven2/com/google/guava/failureaccess/1.0.1/failureaccess-1.0.1-sources.jar
2026-02-15 13:34:50,605 [Worker-73: Download sources and javadoc] INFO  o.e.m.j.internal.DownloadSourcesJob - Downloaded sources for com.google.guava:failureaccess:1.0.1
2026-02-15 13:34:50,918 [Worker-73: Download sources and javadoc] INFO  o.e.m.c.i.e.AbstractTransferListenerAdapter - Downloaded https://repo.maven.apache.org/maven2/com/google/guava/listenablefuture/9999.0-empty-to-avoid-conflict-with-guava/listenablefuture-9999.0-empty-to-avoid-conflict-with-guava-sources.jar
2026-02-15 13:34:50,924 [Worker-73: Download sources and javadoc] ERROR o.e.m.j.internal.DownloadSourcesJob - Could not download sources for com.google.guava:listenablefuture:9999.0-empty-to-avoid-conflict-with-guava
org.eclipse.core.runtime.CoreException: Could not resolve artifact com.google.guava:listenablefuture:jar:sources:9999.0-empty-to-avoid-conflict-with-guava
	at org.eclipse.m2e.core.internal.embedder.MavenImpl.lambda$4(MavenImpl.java:804)
	at org.eclipse.m2e.core.internal.embedder.MavenExecutionContext.executeBare(MavenExecutionContext.java:179)
	at org.eclipse.m2e.core.internal.embedder.MavenExecutionContext.execute(MavenExecutionContext.java:114)
	at org.eclipse.m2e.core.internal.embedder.MavenExecutionContext.execute(MavenExecutionContext.java:101)
	at org.eclipse.m2e.core.internal.embedder.MavenImpl.resolve(MavenImpl.java:772)
	at org.eclipse.m2e.core.internal.embedder.MavenImpl.resolve(MavenImpl.java:749)
	at org.eclipse.m2e.jdt.internal.DownloadSourcesJob.download(DownloadSourcesJob.java:330)
	at org.eclipse.m2e.jdt.internal.DownloadSourcesJob.downloadAttachments(DownloadSourcesJob.java:304)
	at org.eclipse.m2e.jdt.internal.DownloadSourcesJob.downloadMaven(DownloadSourcesJob.java:269)
	at org.eclipse.m2e.jdt.internal.DownloadSourcesJob.downloadFilesAndPopulateToUpdate(DownloadSourcesJob.java:233)
	at org.eclipse.m2e.jdt.internal.DownloadSourcesJob.lambda$0(DownloadSourcesJob.java:161)
	at org.eclipse.m2e.core.internal.embedder.MavenExecutionContext.executeBare(MavenExecutionContext.java:179)
	at org.eclipse.m2e.core.internal.embedder.MavenExecutionContext.execute(MavenExecutionContext.java:153)
	at org.eclipse.m2e.core.internal.embedder.MavenExecutionContext.execute(MavenExecutionContext.java:101)
	at org.eclipse.m2e.core.internal.embedder.MavenImpl.execute(MavenImpl.java:1374)
	at org.eclipse.m2e.jdt.internal.DownloadSourcesJob.run(DownloadSourcesJob.java:161)
	at org.eclipse.core.internal.jobs.Worker.run(Worker.java:63)
2026-02-15 13:34:51,035 [Worker-73: Download sources and javadoc] INFO  o.e.m.c.i.e.AbstractTransferListenerAdapter - Downloading https://repo.maven.apache.org/maven2/org/checkerframework/checker-compat-qual/2.5.5/checker-compat-qual-2.5.5-sources.jar
2026-02-15 13:34:51,158 [Worker-73: Download sources and javadoc] INFO  o.e.m.c.i.e.AbstractTransferListenerAdapter - Downloaded https://repo.maven.apache.org/maven2/org/checkerframework/checker-compat-qual/2.5.5/checker-compat-qual-2.5.5-sources.jar
2026-02-15 13:34:51,162 [Worker-73: Download sources and javadoc] INFO  o.e.m.j.internal.DownloadSourcesJob - Downloaded sources for org.checkerframework:checker-compat-qual:2.5.5
2026-02-15 13:34:51,321 [Worker-73: Download sources and javadoc] INFO  o.e.m.c.i.e.AbstractTransferListenerAdapter - Downloading https://repo.maven.apache.org/maven2/com/google/errorprone/error_prone_annotations/2.3.4/error_prone_annotations-2.3.4-sources.jar
2026-02-15 13:34:51,507 [Worker-73: Download sources and javadoc] INFO  o.e.m.c.i.e.AbstractTransferListenerAdapter - Downloaded https://repo.maven.apache.org/maven2/com/google/errorprone/error_prone_annotations/2.3.4/error_prone_annotations-2.3.4-sources.jar
2026-02-15 13:34:51,512 [Worker-73: Download sources and javadoc] INFO  o.e.m.j.internal.DownloadSourcesJob - Downloaded sources for com.google.errorprone:error_prone_annotations:2.3.4
2026-02-15 13:34:51,753 [Worker-73: Download sources and javadoc] INFO  o.e.m.c.i.e.AbstractTransferListenerAdapter - Downloading https://repo.maven.apache.org/maven2/com/google/j2objc/j2objc-annotations/1.3/j2objc-annotations-1.3-sources.jar
2026-02-15 13:34:52,132 [Worker-73: Download sources and javadoc] INFO  o.e.m.c.i.e.AbstractTransferListenerAdapter - Downloaded https://repo.maven.apache.org/maven2/com/google/j2objc/j2objc-annotations/1.3/j2objc-annotations-1.3-sources.jar
2026-02-15 13:34:52,137 [Worker-73: Download sources and javadoc] INFO  o.e.m.j.internal.DownloadSourcesJob - Downloaded sources for com.google.j2objc:j2objc-annotations:1.3
2026-02-15 13:34:52,326 [Worker-73: Download sources and javadoc] INFO  o.e.m.c.i.e.AbstractTransferListenerAdapter - Downloading https://repo.maven.apache.org/maven2/com/github/java-json-tools/jackson-coreutils-equivalence/1.0/jackson-coreutils-equivalence-1.0-sources.jar
2026-02-15 13:34:52,460 [Worker-73: Download sources and javadoc] INFO  o.e.m.c.i.e.AbstractTransferListenerAdapter - Downloaded https://repo.maven.apache.org/maven2/com/github/java-json-tools/jackson-coreutils-equivalence/1.0/jackson-coreutils-equivalence-1.0-sources.jar
2026-02-15 13:34:52,468 [Worker-73: Download sources and javadoc] INFO  o.e.m.j.internal.DownloadSourcesJob - Downloaded sources for com.github.java-json-tools:jackson-coreutils-equivalence:1.0
2026-02-15 13:34:52,591 [Worker-73: Download sources and javadoc] INFO  o.e.m.c.i.e.AbstractTransferListenerAdapter - Downloading https://repo.maven.apache.org/maven2/com/fasterxml/jackson/core/jackson-databind/2.11.0/jackson-databind-2.11.0-sources.jar
2026-02-15 13:34:55,037 [Worker-73: Download sources and javadoc] INFO  o.e.m.c.i.e.AbstractTransferListenerAdapter - Downloaded https://repo.maven.apache.org/maven2/com/fasterxml/jackson/core/jackson-databind/2.11.0/jackson-databind-2.11.0-sources.jar
2026-02-15 13:34:55,041 [Worker-73: Download sources and javadoc] INFO  o.e.m.j.internal.DownloadSourcesJob - Downloaded sources for com.fasterxml.jackson.core:jackson-databind:2.11.0
2026-02-15 13:34:55,518 [Worker-73: Download sources and javadoc] INFO  o.e.m.c.i.e.AbstractTransferListenerAdapter - Downloading https://repo.maven.apache.org/maven2/com/fasterxml/jackson/core/jackson-annotations/2.11.0/jackson-annotations-2.11.0-sources.jar
2026-02-15 13:34:55,813 [Worker-73: Download sources and javadoc] INFO  o.e.m.c.i.e.AbstractTransferListenerAdapter - Downloaded https://repo.maven.apache.org/maven2/com/fasterxml/jackson/core/jackson-annotations/2.11.0/jackson-annotations-2.11.0-sources.jar
2026-02-15 13:34:55,821 [Worker-73: Download sources and javadoc] INFO  o.e.m.j.internal.DownloadSourcesJob - Downloaded sources for com.fasterxml.jackson.core:jackson-annotations:2.11.0
2026-02-15 13:34:56,118 [Worker-73: Download sources and javadoc] INFO  o.e.m.c.i.e.AbstractTransferListenerAdapter - Downloading https://repo.maven.apache.org/maven2/com/fasterxml/jackson/core/jackson-core/2.11.0/jackson-core-2.11.0-sources.jar
2026-02-15 13:34:58,637 [Worker-73: Download sources and javadoc] INFO  o.e.m.c.i.e.AbstractTransferListenerAdapter - Downloaded https://repo.maven.apache.org/maven2/com/fasterxml/jackson/core/jackson-core/2.11.0/jackson-core-2.11.0-sources.jar
2026-02-15 13:34:58,642 [Worker-73: Download sources and javadoc] INFO  o.e.m.j.internal.DownloadSourcesJob - Downloaded sources for com.fasterxml.jackson.core:jackson-core:2.11.0
2026-02-15 13:34:59,038 [Worker-73: Download sources and javadoc] INFO  o.e.m.c.i.e.AbstractTransferListenerAdapter - Downloading https://repo.maven.apache.org/maven2/com/github/java-json-tools/jackson-coreutils/2.0/jackson-coreutils-2.0-sources.jar
2026-02-15 13:34:59,236 [Worker-73: Download sources and javadoc] INFO  o.e.m.c.i.e.AbstractTransferListenerAdapter - Downloaded https://repo.maven.apache.org/maven2/com/github/java-json-tools/jackson-coreutils/2.0/jackson-coreutils-2.0-sources.jar
2026-02-15 13:34:59,240 [Worker-73: Download sources and javadoc] INFO  o.e.m.j.internal.DownloadSourcesJob - Downloaded sources for com.github.java-json-tools:jackson-coreutils:2.0
2026-02-15 13:34:59,606 [Worker-73: Download sources and javadoc] INFO  o.e.m.c.i.e.AbstractTransferListenerAdapter - Downloading https://repo.maven.apache.org/maven2/com/github/java-json-tools/msg-simple/1.2/msg-simple-1.2-sources.jar
2026-02-15 13:35:00,028 [Worker-73: Download sources and javadoc] INFO  o.e.m.c.i.e.AbstractTransferListenerAdapter - Downloaded https://repo.maven.apache.org/maven2/com/github/java-json-tools/msg-simple/1.2/msg-simple-1.2-sources.jar
2026-02-15 13:35:00,035 [Worker-73: Download sources and javadoc] INFO  o.e.m.j.internal.DownloadSourcesJob - Downloaded sources for com.github.java-json-tools:msg-simple:1.2
2026-02-15 13:35:00,252 [Worker-73: Download sources and javadoc] INFO  o.e.m.c.i.e.AbstractTransferListenerAdapter - Downloading https://repo.maven.apache.org/maven2/com/github/java-json-tools/btf/1.3/btf-1.3-sources.jar
2026-02-15 13:35:00,548 [Worker-73: Download sources and javadoc] INFO  o.e.m.c.i.e.AbstractTransferListenerAdapter - Downloaded https://repo.maven.apache.org/maven2/com/github/java-json-tools/btf/1.3/btf-1.3-sources.jar
2026-02-15 13:35:00,552 [Worker-73: Download sources and javadoc] INFO  o.e.m.j.internal.DownloadSourcesJob - Downloaded sources for com.github.java-json-tools:btf:1.3
2026-02-15 13:35:00,898 [Worker-73: Download sources and javadoc] INFO  o.e.m.c.i.e.AbstractTransferListenerAdapter - Downloading https://repo.maven.apache.org/maven2/com/github/java-json-tools/json-schema-core/1.2.14/json-schema-core-1.2.14-sources.jar
2026-02-15 13:35:01,892 [Worker-73: Download sources and javadoc] INFO  o.e.m.c.i.e.AbstractTransferListenerAdapter - Downloaded https://repo.maven.apache.org/maven2/com/github/java-json-tools/json-schema-core/1.2.14/json-schema-core-1.2.14-sources.jar
2026-02-15 13:35:01,898 [Worker-73: Download sources and javadoc] INFO  o.e.m.j.internal.DownloadSourcesJob - Downloaded sources for com.github.java-json-tools:json-schema-core:1.2.14
2026-02-15 13:35:02,082 [Worker-73: Download sources and javadoc] INFO  o.e.m.c.i.e.AbstractTransferListenerAdapter - Downloading https://repo.maven.apache.org/maven2/com/github/java-json-tools/uri-template/0.10/uri-template-0.10-sources.jar
2026-02-15 13:35:02,600 [Worker-73: Download sources and javadoc] INFO  o.e.m.c.i.e.AbstractTransferListenerAdapter - Downloaded https://repo.maven.apache.org/maven2/com/github/java-json-tools/uri-template/0.10/uri-template-0.10-sources.jar
2026-02-15 13:35:02,607 [Worker-73: Download sources and javadoc] INFO  o.e.m.j.internal.DownloadSourcesJob - Downloaded sources for com.github.java-json-tools:uri-template:0.10
2026-02-15 13:35:02,719 [Worker-73: Download sources and javadoc] INFO  o.e.m.c.i.e.AbstractTransferListenerAdapter - Downloading https://repo.maven.apache.org/maven2/org/mozilla/rhino/1.7.7.2/rhino-1.7.7.2-sources.jar
2026-02-15 13:35:06,509 [Worker-73: Download sources and javadoc] INFO  o.e.m.c.i.e.AbstractTransferListenerAdapter - Downloaded https://repo.maven.apache.org/maven2/org/mozilla/rhino/1.7.7.2/rhino-1.7.7.2-sources.jar
2026-02-15 13:35:06,514 [Worker-73: Download sources and javadoc] INFO  o.e.m.j.internal.DownloadSourcesJob - Downloaded sources for org.mozilla:rhino:1.7.7.2
2026-02-15 13:35:06,660 [Worker-73: Download sources and javadoc] INFO  o.e.m.c.i.e.AbstractTransferListenerAdapter - Downloading https://repo.maven.apache.org/maven2/com/sun/mail/mailapi/1.6.2/mailapi-1.6.2-sources.jar
2026-02-15 13:35:08,284 [Worker-73: Download sources and javadoc] INFO  o.e.m.c.i.e.AbstractTransferListenerAdapter - Downloaded https://repo.maven.apache.org/maven2/com/sun/mail/mailapi/1.6.2/mailapi-1.6.2-sources.jar
2026-02-15 13:35:08,292 [Worker-73: Download sources and javadoc] INFO  o.e.m.j.internal.DownloadSourcesJob - Downloaded sources for com.sun.mail:mailapi:1.6.2
2026-02-15 13:35:08,480 [Worker-73: Download sources and javadoc] INFO  o.e.m.c.i.e.AbstractTransferListenerAdapter - Downloading https://repo.maven.apache.org/maven2/joda-time/joda-time/2.10.5/joda-time-2.10.5-sources.jar
2026-02-15 13:35:13,528 [Worker-73: Download sources and javadoc] INFO  o.e.m.c.i.e.AbstractTransferListenerAdapter - Downloaded https://repo.maven.apache.org/maven2/joda-time/joda-time/2.10.5/joda-time-2.10.5-sources.jar
2026-02-15 13:35:13,533 [Worker-73: Download sources and javadoc] INFO  o.e.m.j.internal.DownloadSourcesJob - Downloaded sources for joda-time:joda-time:2.10.5
2026-02-15 13:35:13,954 [Worker-73: Download sources and javadoc] INFO  o.e.m.c.i.e.AbstractTransferListenerAdapter - Downloading https://repo.maven.apache.org/maven2/com/googlecode/libphonenumber/libphonenumber/8.11.1/libphonenumber-8.11.1-sources.jar
2026-02-15 13:35:16,046 [Worker-73: Download sources and javadoc] INFO  o.e.m.c.i.e.AbstractTransferListenerAdapter - Downloaded https://repo.maven.apache.org/maven2/com/googlecode/libphonenumber/libphonenumber/8.11.1/libphonenumber-8.11.1-sources.jar
2026-02-15 13:35:16,052 [Worker-73: Download sources and javadoc] INFO  o.e.m.j.internal.DownloadSourcesJob - Downloaded sources for com.googlecode.libphonenumber:libphonenumber:8.11.1
2026-02-15 13:35:16,476 [Worker-73: Download sources and javadoc] INFO  o.e.m.c.i.e.AbstractTransferListenerAdapter - Downloading https://repo.maven.apache.org/maven2/com/google/code/findbugs/jsr305/3.0.2/jsr305-3.0.2-sources.jar
2026-02-15 13:35:16,640 [Worker-73: Download sources and javadoc] INFO  o.e.m.c.i.e.AbstractTransferListenerAdapter - Downloaded https://repo.maven.apache.org/maven2/com/google/code/findbugs/jsr305/3.0.2/jsr305-3.0.2-sources.jar
2026-02-15 13:35:16,643 [Worker-73: Download sources and javadoc] INFO  o.e.m.j.internal.DownloadSourcesJob - Downloaded sources for com.google.code.findbugs:jsr305:3.0.2
2026-02-15 13:35:16,982 [Worker-73: Download sources and javadoc] INFO  o.e.m.c.i.e.AbstractTransferListenerAdapter - Downloading https://repo.maven.apache.org/maven2/net/sf/jopt-simple/jopt-simple/5.0.4/jopt-simple-5.0.4-sources.jar
2026-02-15 13:35:17,658 [Worker-73: Download sources and javadoc] INFO  o.e.m.c.i.e.AbstractTransferListenerAdapter - Downloaded https://repo.maven.apache.org/maven2/net/sf/jopt-simple/jopt-simple/5.0.4/jopt-simple-5.0.4-sources.jar
2026-02-15 13:35:17,660 [Worker-73: Download sources and javadoc] INFO  o.e.m.j.internal.DownloadSourcesJob - Downloaded sources for net.sf.jopt-simple:jopt-simple:5.0.4
2026-02-15 13:35:17,903 [Worker-73: Download sources and javadoc] INFO  o.e.m.c.i.e.AbstractTransferListenerAdapter - Downloading https://repo.maven.apache.org/maven2/com/github/javafaker/javafaker/1.0.2/javafaker-1.0.2-sources.jar
2026-02-15 13:35:22,015 [Worker-73: Download sources and javadoc] INFO  o.e.m.c.i.e.AbstractTransferListenerAdapter - Downloaded https://repo.maven.apache.org/maven2/com/github/javafaker/javafaker/1.0.2/javafaker-1.0.2-sources.jar
2026-02-15 13:35:22,023 [Worker-73: Download sources and javadoc] INFO  o.e.m.j.internal.DownloadSourcesJob - Downloaded sources for com.github.javafaker:javafaker:1.0.2
2026-02-15 13:35:22,270 [Worker-73: Download sources and javadoc] INFO  o.e.m.c.i.e.AbstractTransferListenerAdapter - Downloading https://repo.maven.apache.org/maven2/org/apache/commons/commons-lang3/3.5/commons-lang3-3.5-sources.jar
2026-02-15 13:35:23,520 [Worker-73: Download sources and javadoc] INFO  o.e.m.c.i.e.AbstractTransferListenerAdapter - Downloaded https://repo.maven.apache.org/maven2/org/apache/commons/commons-lang3/3.5/commons-lang3-3.5-sources.jar
2026-02-15 13:35:23,523 [Worker-73: Download sources and javadoc] INFO  o.e.m.j.internal.DownloadSourcesJob - Downloaded sources for org.apache.commons:commons-lang3:3.5
2026-02-15 13:35:23,640 [Worker-73: Download sources and javadoc] INFO  o.e.m.c.i.e.AbstractTransferListenerAdapter - Downloading https://repo.maven.apache.org/maven2/org/yaml/snakeyaml/1.23/snakeyaml-1.23-sources.jar
2026-02-15 13:35:23,973 [Worker-73: Download sources and javadoc] INFO  o.e.m.c.i.e.AbstractTransferListenerAdapter - Downloaded https://repo.maven.apache.org/maven2/org/yaml/snakeyaml/1.23/snakeyaml-1.23-sources.jar
2026-02-15 13:35:24,003 [Worker-73: Download sources and javadoc] INFO  o.e.m.j.internal.DownloadSourcesJob - Downloaded sources for org.yaml:snakeyaml:1.23:android
2026-02-15 13:35:24,359 [Worker-73: Download sources and javadoc] INFO  o.e.m.c.i.e.AbstractTransferListenerAdapter - Downloading https://repo.maven.apache.org/maven2/com/github/mifmif/generex/1.0.2/generex-1.0.2-sources.jar
2026-02-15 13:35:24,519 [Worker-73: Download sources and javadoc] INFO  o.e.m.c.i.e.AbstractTransferListenerAdapter - Downloaded https://repo.maven.apache.org/maven2/com/github/mifmif/generex/1.0.2/generex-1.0.2-sources.jar
2026-02-15 13:35:24,527 [Worker-73: Download sources and javadoc] INFO  o.e.m.j.internal.DownloadSourcesJob - Downloaded sources for com.github.mifmif:generex:1.0.2
2026-02-15 13:35:24,985 [Worker-73: Download sources and javadoc] INFO  o.e.m.c.i.e.AbstractTransferListenerAdapter - Downloading https://repo.maven.apache.org/maven2/dk/brics/automaton/automaton/1.11-8/automaton-1.11-8-sources.jar
2026-02-15 13:35:25,159 [Worker-73: Download sources and javadoc] INFO  o.e.m.c.i.e.AbstractTransferListenerAdapter - Downloaded https://repo.maven.apache.org/maven2/dk/brics/automaton/automaton/1.11-8/automaton-1.11-8-sources.jar
2026-02-15 13:35:25,165 [Worker-73: Download sources and javadoc] INFO  o.e.m.j.internal.DownloadSourcesJob - Downloaded sources for dk.brics.automaton:automaton:1.11-8
2026-02-15 13:35:25,288 [Worker-73: Download sources and javadoc] INFO  o.e.m.c.i.e.AbstractTransferListenerAdapter - Downloading https://repo.maven.apache.org/maven2/com/aventstack/extentreports/5.0.9/extentreports-5.0.9-sources.jar
2026-02-15 13:35:26,048 [Worker-73: Download sources and javadoc] INFO  o.e.m.c.i.e.AbstractTransferListenerAdapter - Downloaded https://repo.maven.apache.org/maven2/com/aventstack/extentreports/5.0.9/extentreports-5.0.9-sources.jar
2026-02-15 13:35:26,055 [Worker-73: Download sources and javadoc] INFO  o.e.m.j.internal.DownloadSourcesJob - Downloaded sources for com.aventstack:extentreports:5.0.9
2026-02-15 13:35:26,171 [Worker-73: Download sources and javadoc] INFO  o.e.m.c.i.e.AbstractTransferListenerAdapter - Downloading https://repo.maven.apache.org/maven2/io/reactivex/rxjava3/rxjava/3.0.4/rxjava-3.0.4-sources.jar
2026-02-15 13:35:27,669 [Worker-73: Download sources and javadoc] INFO  o.e.m.c.i.e.AbstractTransferListenerAdapter - Downloaded https://repo.maven.apache.org/maven2/io/reactivex/rxjava3/rxjava/3.0.4/rxjava-3.0.4-sources.jar
2026-02-15 13:35:27,676 [Worker-73: Download sources and javadoc] INFO  o.e.m.j.internal.DownloadSourcesJob - Downloaded sources for io.reactivex.rxjava3:rxjava:3.0.4
2026-02-15 13:35:27,832 [Worker-73: Download sources and javadoc] INFO  o.e.m.c.i.e.AbstractTransferListenerAdapter - Downloading https://repo.maven.apache.org/maven2/org/reactivestreams/reactive-streams/1.0.3/reactive-streams-1.0.3-sources.jar
2026-02-15 13:35:28,019 [Worker-73: Download sources and javadoc] INFO  o.e.m.c.i.e.AbstractTransferListenerAdapter - Downloaded https://repo.maven.apache.org/maven2/org/reactivestreams/reactive-streams/1.0.3/reactive-streams-1.0.3-sources.jar
2026-02-15 13:35:28,025 [Worker-73: Download sources and javadoc] INFO  o.e.m.j.internal.DownloadSourcesJob - Downloaded sources for org.reactivestreams:reactive-streams:1.0.3
2026-02-15 13:35:28,299 [Worker-73: Download sources and javadoc] INFO  o.e.m.c.i.e.AbstractTransferListenerAdapter - Downloading https://repo.maven.apache.org/maven2/org/freemarker/freemarker/2.3.30/freemarker-2.3.30-sources.jar
2026-02-15 13:35:29,871 [Worker-73: Download sources and javadoc] INFO  o.e.m.c.i.e.AbstractTransferListenerAdapter - Downloaded https://repo.maven.apache.org/maven2/org/freemarker/freemarker/2.3.30/freemarker-2.3.30-sources.jar
2026-02-15 13:35:29,873 [Worker-73: Download sources and javadoc] INFO  o.e.m.j.internal.DownloadSourcesJob - Downloaded sources for org.freemarker:freemarker:2.3.30
2026-02-15 13:35:30,025 [Worker-73: Download sources and javadoc] INFO  o.e.m.c.i.e.AbstractTransferListenerAdapter - Downloading https://repo.maven.apache.org/maven2/org/projectlombok/lombok/1.18.12/lombok-1.18.12-sources.jar
2026-02-15 13:35:31,160 [Worker-73: Download sources and javadoc] INFO  o.e.m.c.i.e.AbstractTransferListenerAdapter - Downloaded https://repo.maven.apache.org/maven2/org/projectlombok/lombok/1.18.12/lombok-1.18.12-sources.jar
2026-02-15 13:35:31,163 [Worker-73: Download sources and javadoc] INFO  o.e.m.j.internal.DownloadSourcesJob - Downloaded sources for org.projectlombok:lombok:1.18.12
2026-02-15 13:35:31,317 [Worker-73: Download sources and javadoc] INFO  o.e.m.c.i.e.AbstractTransferListenerAdapter - Downloading https://repo.maven.apache.org/maven2/com/google/code/gson/gson/2.8.6/gson-2.8.6-sources.jar
2026-02-15 13:35:31,845 [Worker-73: Download sources and javadoc] INFO  o.e.m.c.i.e.AbstractTransferListenerAdapter - Downloaded https://repo.maven.apache.org/maven2/com/google/code/gson/gson/2.8.6/gson-2.8.6-sources.jar
2026-02-15 13:35:31,851 [Worker-73: Download sources and javadoc] INFO  o.e.m.j.internal.DownloadSourcesJob - Downloaded sources for com.google.code.gson:gson:2.8.6
2026-02-15 13:35:32,014 [Worker-73: Download sources and javadoc] INFO  o.e.m.c.i.e.AbstractTransferListenerAdapter - Downloading https://repo.maven.apache.org/maven2/org/apache/poi/poi/5.2.3/poi-5.2.3-sources.jar
2026-02-15 13:35:36,484 [Worker-73: Download sources and javadoc] INFO  o.e.m.c.i.e.AbstractTransferListenerAdapter - Downloaded https://repo.maven.apache.org/maven2/org/apache/poi/poi/5.2.3/poi-5.2.3-sources.jar
2026-02-15 13:35:36,491 [Worker-73: Download sources and javadoc] INFO  o.e.m.j.internal.DownloadSourcesJob - Downloaded sources for org.apache.poi:poi:5.2.3
2026-02-15 13:35:36,705 [Worker-73: Download sources and javadoc] INFO  o.e.m.c.i.e.AbstractTransferListenerAdapter - Downloading https://repo.maven.apache.org/maven2/commons-codec/commons-codec/1.15/commons-codec-1.15-sources.jar
2026-02-15 13:35:37,771 [Worker-73: Download sources and javadoc] INFO  o.e.m.c.i.e.AbstractTransferListenerAdapter - Downloaded https://repo.maven.apache.org/maven2/commons-codec/commons-codec/1.15/commons-codec-1.15-sources.jar
2026-02-15 13:35:37,777 [Worker-73: Download sources and javadoc] INFO  o.e.m.j.internal.DownloadSourcesJob - Downloaded sources for commons-codec:commons-codec:1.15
2026-02-15 13:35:37,903 [Worker-73: Download sources and javadoc] INFO  o.e.m.c.i.e.AbstractTransferListenerAdapter - Downloading https://repo.maven.apache.org/maven2/org/apache/commons/commons-collections4/4.4/commons-collections4-4.4-sources.jar
2026-02-15 13:35:38,526 [Worker-73: Download sources and javadoc] INFO  o.e.m.c.i.e.AbstractTransferListenerAdapter - Downloaded https://repo.maven.apache.org/maven2/org/apache/commons/commons-collections4/4.4/commons-collections4-4.4-sources.jar
2026-02-15 13:35:38,536 [Worker-73: Download sources and javadoc] INFO  o.e.m.j.internal.DownloadSourcesJob - Downloaded sources for org.apache.commons:commons-collections4:4.4
2026-02-15 13:35:38,669 [Worker-73: Download sources and javadoc] INFO  o.e.m.c.i.e.AbstractTransferListenerAdapter - Downloading https://repo.maven.apache.org/maven2/org/apache/commons/commons-math3/3.6.1/commons-math3-3.6.1-sources.jar
2026-02-15 13:35:40,622 [Worker-73: Download sources and javadoc] INFO  o.e.m.c.i.e.AbstractTransferListenerAdapter - Downloaded https://repo.maven.apache.org/maven2/org/apache/commons/commons-math3/3.6.1/commons-math3-3.6.1-sources.jar
2026-02-15 13:35:40,628 [Worker-73: Download sources and javadoc] INFO  o.e.m.j.internal.DownloadSourcesJob - Downloaded sources for org.apache.commons:commons-math3:3.6.1
2026-02-15 13:35:40,781 [Worker-73: Download sources and javadoc] INFO  o.e.m.c.i.e.AbstractTransferListenerAdapter - Downloading https://repo.maven.apache.org/maven2/commons-io/commons-io/2.11.0/commons-io-2.11.0-sources.jar
2026-02-15 13:35:41,018 [Worker-73: Download sources and javadoc] INFO  o.e.m.c.i.e.AbstractTransferListenerAdapter - Downloaded https://repo.maven.apache.org/maven2/commons-io/commons-io/2.11.0/commons-io-2.11.0-sources.jar
2026-02-15 13:35:41,025 [Worker-73: Download sources and javadoc] INFO  o.e.m.j.internal.DownloadSourcesJob - Downloaded sources for commons-io:commons-io:2.11.0
2026-02-15 13:35:41,176 [Worker-73: Download sources and javadoc] INFO  o.e.m.c.i.e.AbstractTransferListenerAdapter - Downloading https://repo.maven.apache.org/maven2/com/zaxxer/SparseBitSet/1.2/SparseBitSet-1.2-sources.jar
2026-02-15 13:35:41,227 [Worker-73: Download sources and javadoc] INFO  o.e.m.c.i.e.AbstractTransferListenerAdapter - Downloaded https://repo.maven.apache.org/maven2/com/zaxxer/SparseBitSet/1.2/SparseBitSet-1.2-sources.jar
2026-02-15 13:35:41,234 [Worker-73: Download sources and javadoc] INFO  o.e.m.j.internal.DownloadSourcesJob - Downloaded sources for com.zaxxer:SparseBitSet:1.2
2026-02-15 13:35:41,401 [Worker-73: Download sources and javadoc] INFO  o.e.m.c.i.e.AbstractTransferListenerAdapter - Downloading https://repo.maven.apache.org/maven2/org/apache/logging/log4j/log4j-api/2.18.0/log4j-api-2.18.0-sources.jar
2026-02-15 13:35:41,555 [Worker-73: Download sources and javadoc] INFO  o.e.m.c.i.e.AbstractTransferListenerAdapter - Downloaded https://repo.maven.apache.org/maven2/org/apache/logging/log4j/log4j-api/2.18.0/log4j-api-2.18.0-sources.jar
2026-02-15 13:35:41,562 [Worker-73: Download sources and javadoc] INFO  o.e.m.j.internal.DownloadSourcesJob - Downloaded sources for org.apache.logging.log4j:log4j-api:2.18.0
2026-02-15 13:35:41,743 [Worker-73: Download sources and javadoc] INFO  o.e.m.c.i.e.AbstractTransferListenerAdapter - Downloading https://repo.maven.apache.org/maven2/org/apache/poi/poi-ooxml/5.2.3/poi-ooxml-5.2.3-sources.jar
2026-02-15 13:35:42,018 [Worker-73: Download sources and javadoc] INFO  o.e.m.c.i.e.AbstractTransferListenerAdapter - Downloaded https://repo.maven.apache.org/maven2/org/apache/poi/poi-ooxml/5.2.3/poi-ooxml-5.2.3-sources.jar
2026-02-15 13:35:42,020 [Worker-73: Download sources and javadoc] INFO  o.e.m.j.internal.DownloadSourcesJob - Downloaded sources for org.apache.poi:poi-ooxml:5.2.3
2026-02-15 13:35:42,156 [Worker-73: Download sources and javadoc] INFO  o.e.m.c.i.e.AbstractTransferListenerAdapter - Downloading https://repo.maven.apache.org/maven2/org/apache/poi/poi-ooxml-lite/5.2.3/poi-ooxml-lite-5.2.3-sources.jar
2026-02-15 13:35:44,023 [Worker-73: Download sources and javadoc] INFO  o.e.m.c.i.e.AbstractTransferListenerAdapter - Downloaded https://repo.maven.apache.org/maven2/org/apache/poi/poi-ooxml-lite/5.2.3/poi-ooxml-lite-5.2.3-sources.jar
2026-02-15 13:35:44,030 [Worker-73: Download sources and javadoc] INFO  o.e.m.j.internal.DownloadSourcesJob - Downloaded sources for org.apache.poi:poi-ooxml-lite:5.2.3
2026-02-15 13:35:44,179 [Worker-73: Download sources and javadoc] INFO  o.e.m.c.i.e.AbstractTransferListenerAdapter - Downloading https://repo.maven.apache.org/maven2/org/apache/xmlbeans/xmlbeans/5.1.1/xmlbeans-5.1.1-sources.jar
2026-02-15 13:35:45,248 [Worker-73: Download sources and javadoc] INFO  o.e.m.c.i.e.AbstractTransferListenerAdapter - Downloaded https://repo.maven.apache.org/maven2/org/apache/xmlbeans/xmlbeans/5.1.1/xmlbeans-5.1.1-sources.jar
2026-02-15 13:35:45,253 [Worker-73: Download sources and javadoc] INFO  o.e.m.j.internal.DownloadSourcesJob - Downloaded sources for org.apache.xmlbeans:xmlbeans:5.1.1
2026-02-15 13:35:45,372 [Worker-73: Download sources and javadoc] INFO  o.e.m.c.i.e.AbstractTransferListenerAdapter - Downloading https://repo.maven.apache.org/maven2/org/apache/commons/commons-compress/1.21/commons-compress-1.21-sources.jar
2026-02-15 13:35:45,606 [Worker-73: Download sources and javadoc] INFO  o.e.m.c.i.e.AbstractTransferListenerAdapter - Downloaded https://repo.maven.apache.org/maven2/org/apache/commons/commons-compress/1.21/commons-compress-1.21-sources.jar
2026-02-15 13:35:45,613 [Worker-73: Download sources and javadoc] INFO  o.e.m.j.internal.DownloadSourcesJob - Downloaded sources for org.apache.commons:commons-compress:1.21
2026-02-15 13:35:45,740 [Worker-73: Download sources and javadoc] INFO  o.e.m.c.i.e.AbstractTransferListenerAdapter - Downloading https://repo.maven.apache.org/maven2/com/github/virtuald/curvesapi/1.07/curvesapi-1.07-sources.jar
2026-02-15 13:35:45,873 [Worker-73: Download sources and javadoc] INFO  o.e.m.c.i.e.AbstractTransferListenerAdapter - Downloaded https://repo.maven.apache.org/maven2/com/github/virtuald/curvesapi/1.07/curvesapi-1.07-sources.jar
2026-02-15 13:35:45,875 [Worker-73: Download sources and javadoc] INFO  o.e.m.j.internal.DownloadSourcesJob - Downloaded sources for com.github.virtuald:curvesapi:1.07
2026-02-15 13:35:46,733 [Worker-72: Building] WARN  o.e.m.c.i.embedder.EclipseLogger - Using platform encoding (UTF-8 actually) to copy filtered resources, i.e. build is platform dependent!
2026-02-15 13:35:46,735 [Worker-72: Building] INFO  o.e.m.c.i.embedder.EclipseLogger - Copying 0 resource
2026-02-15 13:35:46,737 [Worker-72: Building] WARN  o.e.m.c.i.embedder.EclipseLogger - Using platform encoding (UTF-8 actually) to copy filtered resources, i.e. build is platform dependent!
2026-02-15 13:35:46,738 [Worker-72: Building] INFO  o.e.m.c.i.embedder.EclipseLogger - Copying 0 resource
2026-02-15 13:35:48,054 [Worker-75: Download sources and javadoc] INFO  o.e.m.c.i.e.AbstractTransferListenerAdapter - Downloaded https://repo.maven.apache.org/maven2/com/github/scribejava/scribejava-apis/9.1.0/scribejava-apis-9.1.0-javadoc.jar
2026-02-15 13:35:48,057 [Worker-75: Download sources and javadoc] ERROR o.e.m.j.internal.DownloadSourcesJob - Could not download javadoc for com.github.scribejava:scribejava-apis:9.1.0
org.eclipse.core.runtime.CoreException: Could not resolve artifact com.github.scribejava:scribejava-apis:jar:javadoc:9.1.0
	at org.eclipse.m2e.core.internal.embedder.MavenImpl.lambda$4(MavenImpl.java:804)
	at org.eclipse.m2e.core.internal.embedder.MavenExecutionContext.executeBare(MavenExecutionContext.java:179)
	at org.eclipse.m2e.core.internal.embedder.MavenExecutionContext.execute(MavenExecutionContext.java:114)
	at org.eclipse.m2e.core.internal.embedder.MavenExecutionContext.execute(MavenExecutionContext.java:101)
	at org.eclipse.m2e.core.internal.embedder.MavenImpl.resolve(MavenImpl.java:772)
	at org.eclipse.m2e.core.internal.embedder.MavenImpl.resolve(MavenImpl.java:749)
	at org.eclipse.m2e.jdt.internal.DownloadSourcesJob.download(DownloadSourcesJob.java:330)
	at org.eclipse.m2e.jdt.internal.DownloadSourcesJob.downloadAttachments(DownloadSourcesJob.java:316)
	at org.eclipse.m2e.jdt.internal.DownloadSourcesJob.downloadMaven(DownloadSourcesJob.java:269)
	at org.eclipse.m2e.jdt.internal.DownloadSourcesJob.downloadFilesAndPopulateToUpdate(DownloadSourcesJob.java:233)
	at org.eclipse.m2e.jdt.internal.DownloadSourcesJob.lambda$0(DownloadSourcesJob.java:161)
	at org.eclipse.m2e.core.internal.embedder.MavenExecutionContext.executeBare(MavenExecutionContext.java:179)
	at org.eclipse.m2e.core.internal.embedder.MavenExecutionContext.execute(MavenExecutionContext.java:153)
	at org.eclipse.m2e.core.internal.embedder.MavenExecutionContext.execute(MavenExecutionContext.java:101)
	at org.eclipse.m2e.core.internal.embedder.MavenImpl.execute(MavenImpl.java:1374)
	at org.eclipse.m2e.jdt.internal.DownloadSourcesJob.run(DownloadSourcesJob.java:161)
	at org.eclipse.core.internal.jobs.Worker.run(Worker.java:63)
2026-02-15 13:35:48,213 [Worker-75: Download sources and javadoc] INFO  o.e.m.c.i.e.AbstractTransferListenerAdapter - Downloaded https://repo.maven.apache.org/maven2/com/google/guava/listenablefuture/9999.0-empty-to-avoid-conflict-with-guava/listenablefuture-9999.0-empty-to-avoid-conflict-with-guava-javadoc.jar
2026-02-15 13:35:48,217 [Worker-75: Download sources and javadoc] ERROR o.e.m.j.internal.DownloadSourcesJob - Could not download javadoc for com.google.guava:listenablefuture:9999.0-empty-to-avoid-conflict-with-guava
org.eclipse.core.runtime.CoreException: Could not resolve artifact com.google.guava:listenablefuture:jar:javadoc:9999.0-empty-to-avoid-conflict-with-guava
	at org.eclipse.m2e.core.internal.embedder.MavenImpl.lambda$4(MavenImpl.java:804)
	at org.eclipse.m2e.core.internal.embedder.MavenExecutionContext.executeBare(MavenExecutionContext.java:179)
	at org.eclipse.m2e.core.internal.embedder.MavenExecutionContext.execute(MavenExecutionContext.java:114)
	at org.eclipse.m2e.core.internal.embedder.MavenExecutionContext.execute(MavenExecutionContext.java:101)
	at org.eclipse.m2e.core.internal.embedder.MavenImpl.resolve(MavenImpl.java:772)
	at org.eclipse.m2e.core.internal.embedder.MavenImpl.resolve(MavenImpl.java:749)
	at org.eclipse.m2e.jdt.internal.DownloadSourcesJob.download(DownloadSourcesJob.java:330)
	at org.eclipse.m2e.jdt.internal.DownloadSourcesJob.downloadAttachments(DownloadSourcesJob.java:316)
	at org.eclipse.m2e.jdt.internal.DownloadSourcesJob.downloadMaven(DownloadSourcesJob.java:269)
	at org.eclipse.m2e.jdt.internal.DownloadSourcesJob.downloadFilesAndPopulateToUpdate(DownloadSourcesJob.java:233)
	at org.eclipse.m2e.jdt.internal.DownloadSourcesJob.lambda$0(DownloadSourcesJob.java:161)
	at org.eclipse.m2e.core.internal.embedder.MavenExecutionContext.executeBare(MavenExecutionContext.java:179)
	at org.eclipse.m2e.core.internal.embedder.MavenExecutionContext.execute(MavenExecutionContext.java:153)
	at org.eclipse.m2e.core.internal.embedder.MavenExecutionContext.execute(MavenExecutionContext.java:101)
	at org.eclipse.m2e.core.internal.embedder.MavenImpl.execute(MavenImpl.java:1374)
	at org.eclipse.m2e.jdt.internal.DownloadSourcesJob.run(DownloadSourcesJob.java:161)
	at org.eclipse.core.internal.jobs.Worker.run(Worker.java:63)
2026-02-21 14:41:07,873 [Worker-124: Creating project "Opencart"] INFO  o.e.m.c.i.l.LifecycleMappingFactory - Using org.eclipse.m2e.jdt.JarLifecycleMapping lifecycle mapping for MavenProject: Opencart:Opencart:0.0.1-SNAPSHOT @ C:\Users\SCLPT 123\eclipse-workspace\Opencart\pom.xml.
2026-02-21 14:41:07,997 [Worker-124: Creating project "Opencart"] INFO  o.e.m.j.i.AbstractJavaProjectConfigurator - Adding source folder /Opencart/src/main/java
2026-02-21 14:41:07,999 [Worker-124: Creating project "Opencart"] INFO  o.e.m.j.i.AbstractJavaProjectConfigurator - Adding resource folder /Opencart/src/main/resources
2026-02-21 14:41:07,999 [Worker-124: Creating project "Opencart"] INFO  o.e.m.j.i.AbstractJavaProjectConfigurator - Adding source folder /Opencart/src/test/java
2026-02-21 14:41:07,999 [Worker-124: Creating project "Opencart"] INFO  o.e.m.j.i.AbstractJavaProjectConfigurator - Adding resource folder /Opencart/src/test/resources
2026-02-21 14:41:08,753 [Worker-124: Building] WARN  o.e.m.c.i.embedder.EclipseLogger - Using platform encoding (UTF-8 actually) to copy filtered resources, i.e. build is platform dependent!
2026-02-21 14:41:08,770 [Worker-124: Building] INFO  o.e.m.c.i.embedder.EclipseLogger - Copying 0 resource
2026-02-21 14:41:08,774 [Worker-124: Building] WARN  o.e.m.c.i.embedder.EclipseLogger - Using platform encoding (UTF-8 actually) to copy filtered resources, i.e. build is platform dependent!
2026-02-21 14:41:08,776 [Worker-124: Building] INFO  o.e.m.c.i.embedder.EclipseLogger - Copying 0 resource
2026-02-21 14:41:23,897 [Worker-127: Building] WARN  o.e.m.c.i.embedder.EclipseLogger - Using platform encoding (UTF-8 actually) to copy filtered resources, i.e. build is platform dependent!
2026-02-21 14:41:23,903 [Worker-127: Building] INFO  o.e.m.c.i.embedder.EclipseLogger - Copying 0 resource
2026-02-21 14:41:23,907 [Worker-127: Building] WARN  o.e.m.c.i.embedder.EclipseLogger - Using platform encoding (UTF-8 actually) to copy filtered resources, i.e. build is platform dependent!
2026-02-21 14:41:23,909 [Worker-127: Building] INFO  o.e.m.c.i.embedder.EclipseLogger - Copying 0 resource
2026-02-21 14:44:56,970 [Worker-127: Building] INFO  o.e.m.c.i.l.LifecycleMappingFactory - Using org.eclipse.m2e.jdt.JarLifecycleMapping lifecycle mapping for MavenProject: Opencart:Opencart:0.0.1-SNAPSHOT @ C:\Users\SCLPT 123\eclipse-workspace\Opencart\pom.xml.
2026-02-21 14:44:57,351 [Worker-127: Building] WARN  o.e.m.c.i.embedder.EclipseLogger - Using platform encoding (UTF-8 actually) to copy filtered resources, i.e. build is platform dependent!
2026-02-21 14:44:57,362 [Worker-127: Building] INFO  o.e.m.c.i.embedder.EclipseLogger - Copying 0 resource
2026-02-21 14:44:57,363 [Worker-127: Building] WARN  o.e.m.c.i.embedder.EclipseLogger - Using platform encoding (UTF-8 actually) to copy filtered resources, i.e. build is platform dependent!
2026-02-21 14:44:57,365 [Worker-127: Building] INFO  o.e.m.c.i.embedder.EclipseLogger - Copying 0 resource
2026-02-21 14:44:58,520 [Worker-124: Download sources and javadoc] INFO  o.e.m.c.i.e.AbstractTransferListenerAdapter - Downloading https://repo.maven.apache.org/maven2/org/seleniumhq/selenium/selenium-java/4.40.0/selenium-java-4.40.0-sources.jar
2026-02-21 14:44:58,556 [Worker-124: Download sources and javadoc] INFO  o.e.m.c.i.e.AbstractTransferListenerAdapter - Downloaded https://repo.maven.apache.org/maven2/org/seleniumhq/selenium/selenium-java/4.40.0/selenium-java-4.40.0-sources.jar
2026-02-21 14:44:58,561 [Worker-124: Download sources and javadoc] INFO  o.e.m.j.internal.DownloadSourcesJob - Downloaded sources for org.seleniumhq.selenium:selenium-java:4.40.0
2026-02-21 14:44:58,660 [Worker-124: Download sources and javadoc] INFO  o.e.m.c.i.e.AbstractTransferListenerAdapter - Downloading https://repo.maven.apache.org/maven2/org/seleniumhq/selenium/selenium-api/4.40.0/selenium-api-4.40.0-sources.jar
2026-02-21 14:44:58,714 [Worker-124: Download sources and javadoc] INFO  o.e.m.c.i.e.AbstractTransferListenerAdapter - Downloaded https://repo.maven.apache.org/maven2/org/seleniumhq/selenium/selenium-api/4.40.0/selenium-api-4.40.0-sources.jar
2026-02-21 14:44:58,717 [Worker-124: Download sources and javadoc] INFO  o.e.m.j.internal.DownloadSourcesJob - Downloaded sources for org.seleniumhq.selenium:selenium-api:4.40.0
2026-02-21 14:44:58,820 [Worker-124: Download sources and javadoc] INFO  o.e.m.c.i.e.AbstractTransferListenerAdapter - Downloading https://repo.maven.apache.org/maven2/org/jspecify/jspecify/1.0.0/jspecify-1.0.0-sources.jar
2026-02-21 14:44:58,922 [Worker-124: Download sources and javadoc] INFO  o.e.m.c.i.e.AbstractTransferListenerAdapter - Downloaded https://repo.maven.apache.org/maven2/org/jspecify/jspecify/1.0.0/jspecify-1.0.0-sources.jar
2026-02-21 14:44:58,925 [Worker-124: Download sources and javadoc] INFO  o.e.m.j.internal.DownloadSourcesJob - Downloaded sources for org.jspecify:jspecify:1.0.0
2026-02-21 14:44:59,054 [Worker-124: Download sources and javadoc] INFO  o.e.m.c.i.e.AbstractTransferListenerAdapter - Downloading https://repo.maven.apache.org/maven2/org/seleniumhq/selenium/selenium-chrome-driver/4.40.0/selenium-chrome-driver-4.40.0-sources.jar
2026-02-21 14:44:59,098 [Worker-124: Download sources and javadoc] INFO  o.e.m.c.i.e.AbstractTransferListenerAdapter - Downloaded https://repo.maven.apache.org/maven2/org/seleniumhq/selenium/selenium-chrome-driver/4.40.0/selenium-chrome-driver-4.40.0-sources.jar
2026-02-21 14:44:59,101 [Worker-124: Download sources and javadoc] INFO  o.e.m.j.internal.DownloadSourcesJob - Downloaded sources for org.seleniumhq.selenium:selenium-chrome-driver:4.40.0
2026-02-21 14:44:59,265 [Worker-124: Download sources and javadoc] INFO  o.e.m.c.i.e.AbstractTransferListenerAdapter - Downloading https://repo.maven.apache.org/maven2/com/google/auto/service/auto-service-annotations/1.1.1/auto-service-annotations-1.1.1-sources.jar
2026-02-21 14:44:59,300 [Worker-124: Download sources and javadoc] INFO  o.e.m.c.i.e.AbstractTransferListenerAdapter - Downloaded https://repo.maven.apache.org/maven2/com/google/auto/service/auto-service-annotations/1.1.1/auto-service-annotations-1.1.1-sources.jar
2026-02-21 14:44:59,309 [Worker-124: Download sources and javadoc] INFO  o.e.m.j.internal.DownloadSourcesJob - Downloaded sources for com.google.auto.service:auto-service-annotations:1.1.1
2026-02-21 14:44:59,410 [Worker-124: Download sources and javadoc] INFO  o.e.m.c.i.e.AbstractTransferListenerAdapter - Downloading https://repo.maven.apache.org/maven2/org/seleniumhq/selenium/selenium-chromium-driver/4.40.0/selenium-chromium-driver-4.40.0-sources.jar
2026-02-21 14:44:59,454 [Worker-124: Download sources and javadoc] INFO  o.e.m.c.i.e.AbstractTransferListenerAdapter - Downloaded https://repo.maven.apache.org/maven2/org/seleniumhq/selenium/selenium-chromium-driver/4.40.0/selenium-chromium-driver-4.40.0-sources.jar
2026-02-21 14:44:59,459 [Worker-124: Download sources and javadoc] INFO  o.e.m.j.internal.DownloadSourcesJob - Downloaded sources for org.seleniumhq.selenium:selenium-chromium-driver:4.40.0
2026-02-21 14:44:59,562 [Worker-124: Download sources and javadoc] INFO  o.e.m.c.i.e.AbstractTransferListenerAdapter - Downloading https://repo.maven.apache.org/maven2/org/seleniumhq/selenium/selenium-json/4.40.0/selenium-json-4.40.0-sources.jar
2026-02-21 14:44:59,594 [Worker-124: Download sources and javadoc] INFO  o.e.m.c.i.e.AbstractTransferListenerAdapter - Downloaded https://repo.maven.apache.org/maven2/org/seleniumhq/selenium/selenium-json/4.40.0/selenium-json-4.40.0-sources.jar
2026-02-21 14:44:59,598 [Worker-124: Download sources and javadoc] INFO  o.e.m.j.internal.DownloadSourcesJob - Downloaded sources for org.seleniumhq.selenium:selenium-json:4.40.0
2026-02-21 14:44:59,696 [Worker-124: Download sources and javadoc] INFO  o.e.m.c.i.e.AbstractTransferListenerAdapter - Downloading https://repo.maven.apache.org/maven2/org/seleniumhq/selenium/selenium-manager/4.40.0/selenium-manager-4.40.0-sources.jar
2026-02-21 14:44:59,728 [Worker-124: Download sources and javadoc] INFO  o.e.m.c.i.e.AbstractTransferListenerAdapter - Downloaded https://repo.maven.apache.org/maven2/org/seleniumhq/selenium/selenium-manager/4.40.0/selenium-manager-4.40.0-sources.jar
2026-02-21 14:44:59,734 [Worker-124: Download sources and javadoc] INFO  o.e.m.j.internal.DownloadSourcesJob - Downloaded sources for org.seleniumhq.selenium:selenium-manager:4.40.0
2026-02-21 14:44:59,837 [Worker-124: Download sources and javadoc] INFO  o.e.m.c.i.e.AbstractTransferListenerAdapter - Downloading https://repo.maven.apache.org/maven2/org/seleniumhq/selenium/selenium-devtools-v142/4.40.0/selenium-devtools-v142-4.40.0-sources.jar
2026-02-21 14:44:59,975 [Worker-124: Download sources and javadoc] INFO  o.e.m.c.i.e.AbstractTransferListenerAdapter - Downloaded https://repo.maven.apache.org/maven2/org/seleniumhq/selenium/selenium-devtools-v142/4.40.0/selenium-devtools-v142-4.40.0-sources.jar
2026-02-21 14:44:59,979 [Worker-124: Download sources and javadoc] INFO  o.e.m.j.internal.DownloadSourcesJob - Downloaded sources for org.seleniumhq.selenium:selenium-devtools-v142:4.40.0
2026-02-21 14:45:00,083 [Worker-124: Download sources and javadoc] INFO  o.e.m.c.i.e.AbstractTransferListenerAdapter - Downloading https://repo.maven.apache.org/maven2/org/seleniumhq/selenium/selenium-devtools-v143/4.40.0/selenium-devtools-v143-4.40.0-sources.jar
2026-02-21 14:45:00,256 [Worker-124: Download sources and javadoc] INFO  o.e.m.c.i.e.AbstractTransferListenerAdapter - Downloaded https://repo.maven.apache.org/maven2/org/seleniumhq/selenium/selenium-devtools-v143/4.40.0/selenium-devtools-v143-4.40.0-sources.jar
2026-02-21 14:45:00,260 [Worker-124: Download sources and javadoc] INFO  o.e.m.j.internal.DownloadSourcesJob - Downloaded sources for org.seleniumhq.selenium:selenium-devtools-v143:4.40.0
2026-02-21 14:45:00,359 [Worker-124: Download sources and javadoc] INFO  o.e.m.c.i.e.AbstractTransferListenerAdapter - Downloading https://repo.maven.apache.org/maven2/org/seleniumhq/selenium/selenium-devtools-v144/4.40.0/selenium-devtools-v144-4.40.0-sources.jar
2026-02-21 14:45:00,507 [Worker-124: Download sources and javadoc] INFO  o.e.m.c.i.e.AbstractTransferListenerAdapter - Downloaded https://repo.maven.apache.org/maven2/org/seleniumhq/selenium/selenium-devtools-v144/4.40.0/selenium-devtools-v144-4.40.0-sources.jar
2026-02-21 14:45:00,514 [Worker-124: Download sources and javadoc] INFO  o.e.m.j.internal.DownloadSourcesJob - Downloaded sources for org.seleniumhq.selenium:selenium-devtools-v144:4.40.0
2026-02-21 14:45:00,627 [Worker-124: Download sources and javadoc] INFO  o.e.m.c.i.e.AbstractTransferListenerAdapter - Downloading https://repo.maven.apache.org/maven2/org/seleniumhq/selenium/selenium-edge-driver/4.40.0/selenium-edge-driver-4.40.0-sources.jar
2026-02-21 14:45:00,676 [Worker-124: Download sources and javadoc] INFO  o.e.m.c.i.e.AbstractTransferListenerAdapter - Downloaded https://repo.maven.apache.org/maven2/org/seleniumhq/selenium/selenium-edge-driver/4.40.0/selenium-edge-driver-4.40.0-sources.jar
2026-02-21 14:45:00,680 [Worker-124: Download sources and javadoc] INFO  o.e.m.j.internal.DownloadSourcesJob - Downloaded sources for org.seleniumhq.selenium:selenium-edge-driver:4.40.0
2026-02-21 14:45:00,791 [Worker-124: Download sources and javadoc] INFO  o.e.m.c.i.e.AbstractTransferListenerAdapter - Downloading https://repo.maven.apache.org/maven2/org/seleniumhq/selenium/selenium-firefox-driver/4.40.0/selenium-firefox-driver-4.40.0-sources.jar
2026-02-21 14:45:00,903 [Worker-124: Download sources and javadoc] INFO  o.e.m.c.i.e.AbstractTransferListenerAdapter - Downloaded https://repo.maven.apache.org/maven2/org/seleniumhq/selenium/selenium-firefox-driver/4.40.0/selenium-firefox-driver-4.40.0-sources.jar
2026-02-21 14:45:00,905 [Worker-124: Download sources and javadoc] INFO  o.e.m.j.internal.DownloadSourcesJob - Downloaded sources for org.seleniumhq.selenium:selenium-firefox-driver:4.40.0
2026-02-21 14:45:01,003 [Worker-124: Download sources and javadoc] INFO  o.e.m.c.i.e.AbstractTransferListenerAdapter - Downloading https://repo.maven.apache.org/maven2/org/seleniumhq/selenium/selenium-http/4.40.0/selenium-http-4.40.0-sources.jar
2026-02-21 14:45:01,060 [Worker-124: Download sources and javadoc] INFO  o.e.m.c.i.e.AbstractTransferListenerAdapter - Downloaded https://repo.maven.apache.org/maven2/org/seleniumhq/selenium/selenium-http/4.40.0/selenium-http-4.40.0-sources.jar
2026-02-21 14:45:01,067 [Worker-124: Download sources and javadoc] INFO  o.e.m.j.internal.DownloadSourcesJob - Downloaded sources for org.seleniumhq.selenium:selenium-http:4.40.0
2026-02-21 14:45:01,163 [Worker-124: Download sources and javadoc] INFO  o.e.m.c.i.e.AbstractTransferListenerAdapter - Downloading https://repo.maven.apache.org/maven2/org/seleniumhq/selenium/selenium-ie-driver/4.40.0/selenium-ie-driver-4.40.0-sources.jar
2026-02-21 14:45:01,233 [Worker-124: Download sources and javadoc] INFO  o.e.m.c.i.e.AbstractTransferListenerAdapter - Downloaded https://repo.maven.apache.org/maven2/org/seleniumhq/selenium/selenium-ie-driver/4.40.0/selenium-ie-driver-4.40.0-sources.jar
2026-02-21 14:45:01,237 [Worker-124: Download sources and javadoc] INFO  o.e.m.j.internal.DownloadSourcesJob - Downloaded sources for org.seleniumhq.selenium:selenium-ie-driver:4.40.0
2026-02-21 14:45:01,346 [Worker-124: Download sources and javadoc] INFO  o.e.m.c.i.e.AbstractTransferListenerAdapter - Downloading https://repo.maven.apache.org/maven2/org/seleniumhq/selenium/selenium-remote-driver/4.40.0/selenium-remote-driver-4.40.0-sources.jar
2026-02-21 14:45:01,440 [Worker-124: Download sources and javadoc] INFO  o.e.m.c.i.e.AbstractTransferListenerAdapter - Downloaded https://repo.maven.apache.org/maven2/org/seleniumhq/selenium/selenium-remote-driver/4.40.0/selenium-remote-driver-4.40.0-sources.jar
2026-02-21 14:45:01,442 [Worker-124: Download sources and javadoc] INFO  o.e.m.j.internal.DownloadSourcesJob - Downloaded sources for org.seleniumhq.selenium:selenium-remote-driver:4.40.0
2026-02-21 14:45:01,643 [Worker-124: Download sources and javadoc] INFO  o.e.m.c.i.e.AbstractTransferListenerAdapter - Downloading https://repo.maven.apache.org/maven2/com/google/guava/guava/33.5.0-jre/guava-33.5.0-jre-sources.jar
2026-02-21 14:45:03,606 [Worker-124: Download sources and javadoc] INFO  o.e.m.c.i.e.AbstractTransferListenerAdapter - Downloaded https://repo.maven.apache.org/maven2/com/google/guava/guava/33.5.0-jre/guava-33.5.0-jre-sources.jar
2026-02-21 14:45:03,609 [Worker-124: Download sources and javadoc] INFO  o.e.m.j.internal.DownloadSourcesJob - Downloaded sources for com.google.guava:guava:33.5.0-jre
2026-02-21 14:45:03,757 [Worker-124: Download sources and javadoc] INFO  o.e.m.c.i.e.AbstractTransferListenerAdapter - Downloading https://repo.maven.apache.org/maven2/com/google/guava/failureaccess/1.0.3/failureaccess-1.0.3-sources.jar
2026-02-21 14:45:03,866 [Worker-124: Download sources and javadoc] INFO  o.e.m.c.i.e.AbstractTransferListenerAdapter - Downloaded https://repo.maven.apache.org/maven2/com/google/guava/failureaccess/1.0.3/failureaccess-1.0.3-sources.jar
2026-02-21 14:45:03,870 [Worker-124: Download sources and javadoc] INFO  o.e.m.j.internal.DownloadSourcesJob - Downloaded sources for com.google.guava:failureaccess:1.0.3
2026-02-21 14:45:03,987 [Worker-124: Download sources and javadoc] INFO  o.e.m.c.i.e.AbstractTransferListenerAdapter - Downloading https://repo.maven.apache.org/maven2/com/google/errorprone/error_prone_annotations/2.41.0/error_prone_annotations-2.41.0-sources.jar
2026-02-21 14:45:04,028 [Worker-124: Download sources and javadoc] INFO  o.e.m.c.i.e.AbstractTransferListenerAdapter - Downloaded https://repo.maven.apache.org/maven2/com/google/errorprone/error_prone_annotations/2.41.0/error_prone_annotations-2.41.0-sources.jar
2026-02-21 14:45:04,032 [Worker-124: Download sources and javadoc] INFO  o.e.m.j.internal.DownloadSourcesJob - Downloaded sources for com.google.errorprone:error_prone_annotations:2.41.0
2026-02-21 14:45:04,150 [Worker-124: Download sources and javadoc] INFO  o.e.m.c.i.e.AbstractTransferListenerAdapter - Downloading https://repo.maven.apache.org/maven2/com/google/j2objc/j2objc-annotations/3.1/j2objc-annotations-3.1-sources.jar
2026-02-21 14:45:04,190 [Worker-124: Download sources and javadoc] INFO  o.e.m.c.i.e.AbstractTransferListenerAdapter - Downloaded https://repo.maven.apache.org/maven2/com/google/j2objc/j2objc-annotations/3.1/j2objc-annotations-3.1-sources.jar
2026-02-21 14:45:04,193 [Worker-124: Download sources and javadoc] INFO  o.e.m.j.internal.DownloadSourcesJob - Downloaded sources for com.google.j2objc:j2objc-annotations:3.1
2026-02-21 14:45:04,347 [Worker-124: Download sources and javadoc] INFO  o.e.m.c.i.e.AbstractTransferListenerAdapter - Downloading https://repo.maven.apache.org/maven2/io/opentelemetry/opentelemetry-api/1.58.0/opentelemetry-api-1.58.0-sources.jar
2026-02-21 14:45:04,401 [Worker-124: Download sources and javadoc] INFO  o.e.m.c.i.e.AbstractTransferListenerAdapter - Downloaded https://repo.maven.apache.org/maven2/io/opentelemetry/opentelemetry-api/1.58.0/opentelemetry-api-1.58.0-sources.jar
2026-02-21 14:45:04,405 [Worker-124: Download sources and javadoc] INFO  o.e.m.j.internal.DownloadSourcesJob - Downloaded sources for io.opentelemetry:opentelemetry-api:1.58.0
2026-02-21 14:45:04,544 [Worker-124: Download sources and javadoc] INFO  o.e.m.c.i.e.AbstractTransferListenerAdapter - Downloading https://repo.maven.apache.org/maven2/io/opentelemetry/opentelemetry-context/1.58.0/opentelemetry-context-1.58.0-sources.jar
2026-02-21 14:45:04,612 [Worker-124: Download sources and javadoc] INFO  o.e.m.c.i.e.AbstractTransferListenerAdapter - Downloaded https://repo.maven.apache.org/maven2/io/opentelemetry/opentelemetry-context/1.58.0/opentelemetry-context-1.58.0-sources.jar
2026-02-21 14:45:04,617 [Worker-124: Download sources and javadoc] INFO  o.e.m.j.internal.DownloadSourcesJob - Downloaded sources for io.opentelemetry:opentelemetry-context:1.58.0
2026-02-21 14:45:04,763 [Worker-124: Download sources and javadoc] INFO  o.e.m.c.i.e.AbstractTransferListenerAdapter - Downloading https://repo.maven.apache.org/maven2/io/opentelemetry/opentelemetry-common/1.58.0/opentelemetry-common-1.58.0-sources.jar
2026-02-21 14:45:04,866 [Worker-124: Download sources and javadoc] INFO  o.e.m.c.i.e.AbstractTransferListenerAdapter - Downloaded https://repo.maven.apache.org/maven2/io/opentelemetry/opentelemetry-common/1.58.0/opentelemetry-common-1.58.0-sources.jar
2026-02-21 14:45:04,869 [Worker-124: Download sources and javadoc] INFO  o.e.m.j.internal.DownloadSourcesJob - Downloaded sources for io.opentelemetry:opentelemetry-common:1.58.0
2026-02-21 14:45:04,988 [Worker-124: Download sources and javadoc] INFO  o.e.m.c.i.e.AbstractTransferListenerAdapter - Downloading https://repo.maven.apache.org/maven2/io/opentelemetry/opentelemetry-exporter-logging/1.58.0/opentelemetry-exporter-logging-1.58.0-sources.jar
2026-02-21 14:45:05,032 [Worker-124: Download sources and javadoc] INFO  o.e.m.c.i.e.AbstractTransferListenerAdapter - Downloaded https://repo.maven.apache.org/maven2/io/opentelemetry/opentelemetry-exporter-logging/1.58.0/opentelemetry-exporter-logging-1.58.0-sources.jar
2026-02-21 14:45:05,035 [Worker-124: Download sources and javadoc] INFO  o.e.m.j.internal.DownloadSourcesJob - Downloaded sources for io.opentelemetry:opentelemetry-exporter-logging:1.58.0
2026-02-21 14:45:05,136 [Worker-124: Download sources and javadoc] INFO  o.e.m.c.i.e.AbstractTransferListenerAdapter - Downloading https://repo.maven.apache.org/maven2/io/opentelemetry/opentelemetry-sdk-common/1.58.0/opentelemetry-sdk-common-1.58.0-sources.jar
2026-02-21 14:45:05,196 [Worker-124: Download sources and javadoc] INFO  o.e.m.c.i.e.AbstractTransferListenerAdapter - Downloaded https://repo.maven.apache.org/maven2/io/opentelemetry/opentelemetry-sdk-common/1.58.0/opentelemetry-sdk-common-1.58.0-sources.jar
2026-02-21 14:45:05,199 [Worker-124: Download sources and javadoc] INFO  o.e.m.j.internal.DownloadSourcesJob - Downloaded sources for io.opentelemetry:opentelemetry-sdk-common:1.58.0
2026-02-21 14:45:05,295 [Worker-124: Download sources and javadoc] INFO  o.e.m.c.i.e.AbstractTransferListenerAdapter - Downloading https://repo.maven.apache.org/maven2/io/opentelemetry/opentelemetry-sdk-extension-autoconfigure-spi/1.58.0/opentelemetry-sdk-extension-autoconfigure-spi-1.58.0-sources.jar
2026-02-21 14:45:05,350 [Worker-124: Download sources and javadoc] INFO  o.e.m.c.i.e.AbstractTransferListenerAdapter - Downloaded https://repo.maven.apache.org/maven2/io/opentelemetry/opentelemetry-sdk-extension-autoconfigure-spi/1.58.0/opentelemetry-sdk-extension-autoconfigure-spi-1.58.0-sources.jar
2026-02-21 14:45:05,357 [Worker-124: Download sources and javadoc] INFO  o.e.m.j.internal.DownloadSourcesJob - Downloaded sources for io.opentelemetry:opentelemetry-sdk-extension-autoconfigure-spi:1.58.0
2026-02-21 14:45:05,487 [Worker-124: Download sources and javadoc] INFO  o.e.m.c.i.e.AbstractTransferListenerAdapter - Downloading https://repo.maven.apache.org/maven2/io/opentelemetry/opentelemetry-sdk-extension-autoconfigure/1.58.0/opentelemetry-sdk-extension-autoconfigure-1.58.0-sources.jar
2026-02-21 14:45:05,540 [Worker-124: Download sources and javadoc] INFO  o.e.m.c.i.e.AbstractTransferListenerAdapter - Downloaded https://repo.maven.apache.org/maven2/io/opentelemetry/opentelemetry-sdk-extension-autoconfigure/1.58.0/opentelemetry-sdk-extension-autoconfigure-1.58.0-sources.jar
2026-02-21 14:45:05,543 [Worker-124: Download sources and javadoc] INFO  o.e.m.j.internal.DownloadSourcesJob - Downloaded sources for io.opentelemetry:opentelemetry-sdk-extension-autoconfigure:1.58.0
2026-02-21 14:45:05,656 [Worker-124: Download sources and javadoc] INFO  o.e.m.c.i.e.AbstractTransferListenerAdapter - Downloading https://repo.maven.apache.org/maven2/io/opentelemetry/opentelemetry-sdk-trace/1.58.0/opentelemetry-sdk-trace-1.58.0-sources.jar
2026-02-21 14:45:05,738 [Worker-124: Download sources and javadoc] INFO  o.e.m.c.i.e.AbstractTransferListenerAdapter - Downloaded https://repo.maven.apache.org/maven2/io/opentelemetry/opentelemetry-sdk-trace/1.58.0/opentelemetry-sdk-trace-1.58.0-sources.jar
2026-02-21 14:45:05,742 [Worker-124: Download sources and javadoc] INFO  o.e.m.j.internal.DownloadSourcesJob - Downloaded sources for io.opentelemetry:opentelemetry-sdk-trace:1.58.0
2026-02-21 14:45:05,876 [Worker-124: Download sources and javadoc] INFO  o.e.m.c.i.e.AbstractTransferListenerAdapter - Downloading https://repo.maven.apache.org/maven2/io/opentelemetry/opentelemetry-sdk/1.58.0/opentelemetry-sdk-1.58.0-sources.jar
2026-02-21 14:45:06,038 [Worker-124: Download sources and javadoc] INFO  o.e.m.c.i.e.AbstractTransferListenerAdapter - Downloaded https://repo.maven.apache.org/maven2/io/opentelemetry/opentelemetry-sdk/1.58.0/opentelemetry-sdk-1.58.0-sources.jar
2026-02-21 14:45:06,041 [Worker-124: Download sources and javadoc] INFO  o.e.m.j.internal.DownloadSourcesJob - Downloaded sources for io.opentelemetry:opentelemetry-sdk:1.58.0
2026-02-21 14:45:06,236 [Worker-124: Download sources and javadoc] INFO  o.e.m.c.i.e.AbstractTransferListenerAdapter - Downloading https://repo.maven.apache.org/maven2/io/opentelemetry/opentelemetry-sdk-metrics/1.58.0/opentelemetry-sdk-metrics-1.58.0-sources.jar
2026-02-21 14:45:06,746 [Worker-124: Download sources and javadoc] INFO  o.e.m.c.i.e.AbstractTransferListenerAdapter - Downloaded https://repo.maven.apache.org/maven2/io/opentelemetry/opentelemetry-sdk-metrics/1.58.0/opentelemetry-sdk-metrics-1.58.0-sources.jar
2026-02-21 14:45:06,752 [Worker-124: Download sources and javadoc] INFO  o.e.m.j.internal.DownloadSourcesJob - Downloaded sources for io.opentelemetry:opentelemetry-sdk-metrics:1.58.0
2026-02-21 14:45:06,870 [Worker-124: Download sources and javadoc] INFO  o.e.m.c.i.e.AbstractTransferListenerAdapter - Downloading https://repo.maven.apache.org/maven2/io/opentelemetry/opentelemetry-sdk-logs/1.58.0/opentelemetry-sdk-logs-1.58.0-sources.jar
2026-02-21 14:45:06,916 [Worker-124: Download sources and javadoc] INFO  o.e.m.c.i.e.AbstractTransferListenerAdapter - Downloaded https://repo.maven.apache.org/maven2/io/opentelemetry/opentelemetry-sdk-logs/1.58.0/opentelemetry-sdk-logs-1.58.0-sources.jar
2026-02-21 14:45:06,921 [Worker-124: Download sources and javadoc] INFO  o.e.m.j.internal.DownloadSourcesJob - Downloaded sources for io.opentelemetry:opentelemetry-sdk-logs:1.58.0
2026-02-21 14:45:07,018 [Worker-124: Download sources and javadoc] INFO  o.e.m.c.i.e.AbstractTransferListenerAdapter - Downloading https://repo.maven.apache.org/maven2/net/bytebuddy/byte-buddy/1.18.4/byte-buddy-1.18.4-sources.jar
2026-02-21 14:45:07,884 [Worker-124: Download sources and javadoc] INFO  o.e.m.c.i.e.AbstractTransferListenerAdapter - Downloaded https://repo.maven.apache.org/maven2/net/bytebuddy/byte-buddy/1.18.4/byte-buddy-1.18.4-sources.jar
2026-02-21 14:45:07,887 [Worker-124: Download sources and javadoc] INFO  o.e.m.j.internal.DownloadSourcesJob - Downloaded sources for net.bytebuddy:byte-buddy:1.18.4
2026-02-21 14:45:08,152 [Worker-124: Download sources and javadoc] INFO  o.e.m.c.i.e.AbstractTransferListenerAdapter - Downloading https://repo.maven.apache.org/maven2/org/seleniumhq/selenium/selenium-os/4.40.0/selenium-os-4.40.0-sources.jar
2026-02-21 14:45:08,240 [Worker-124: Download sources and javadoc] INFO  o.e.m.c.i.e.AbstractTransferListenerAdapter - Downloaded https://repo.maven.apache.org/maven2/org/seleniumhq/selenium/selenium-os/4.40.0/selenium-os-4.40.0-sources.jar
2026-02-21 14:45:08,249 [Worker-124: Download sources and javadoc] INFO  o.e.m.j.internal.DownloadSourcesJob - Downloaded sources for org.seleniumhq.selenium:selenium-os:4.40.0
2026-02-21 14:45:08,363 [Worker-124: Download sources and javadoc] INFO  o.e.m.c.i.e.AbstractTransferListenerAdapter - Downloading https://repo.maven.apache.org/maven2/org/seleniumhq/selenium/selenium-safari-driver/4.40.0/selenium-safari-driver-4.40.0-sources.jar
2026-02-21 14:45:08,704 [Worker-124: Download sources and javadoc] INFO  o.e.m.c.i.e.AbstractTransferListenerAdapter - Downloaded https://repo.maven.apache.org/maven2/org/seleniumhq/selenium/selenium-safari-driver/4.40.0/selenium-safari-driver-4.40.0-sources.jar
2026-02-21 14:45:08,709 [Worker-124: Download sources and javadoc] INFO  o.e.m.j.internal.DownloadSourcesJob - Downloaded sources for org.seleniumhq.selenium:selenium-safari-driver:4.40.0
2026-02-21 14:45:08,834 [Worker-124: Download sources and javadoc] INFO  o.e.m.c.i.e.AbstractTransferListenerAdapter - Downloading https://repo.maven.apache.org/maven2/org/seleniumhq/selenium/selenium-support/4.40.0/selenium-support-4.40.0-sources.jar
2026-02-21 14:45:09,169 [Worker-124: Download sources and javadoc] INFO  o.e.m.c.i.e.AbstractTransferListenerAdapter - Downloaded https://repo.maven.apache.org/maven2/org/seleniumhq/selenium/selenium-support/4.40.0/selenium-support-4.40.0-sources.jar
2026-02-21 14:45:09,177 [Worker-124: Download sources and javadoc] INFO  o.e.m.j.internal.DownloadSourcesJob - Downloaded sources for org.seleniumhq.selenium:selenium-support:4.40.0
2026-02-21 14:45:09,789 [Worker-130: Building] WARN  o.e.m.c.i.embedder.EclipseLogger - Using platform encoding (UTF-8 actually) to copy filtered resources, i.e. build is platform dependent!
2026-02-21 14:45:09,795 [Worker-130: Building] INFO  o.e.m.c.i.embedder.EclipseLogger - Copying 0 resource
2026-02-21 14:45:09,796 [Worker-130: Building] WARN  o.e.m.c.i.embedder.EclipseLogger - Using platform encoding (UTF-8 actually) to copy filtered resources, i.e. build is platform dependent!
2026-02-21 14:45:09,797 [Worker-130: Building] INFO  o.e.m.c.i.embedder.EclipseLogger - Copying 0 resource
2026-02-21 14:48:42,220 [Worker-127: Building] INFO  o.e.m.c.i.l.LifecycleMappingFactory - Using org.eclipse.m2e.jdt.JarLifecycleMapping lifecycle mapping for MavenProject: Opencart:Opencart:0.0.1-SNAPSHOT @ C:\Users\SCLPT 123\eclipse-workspace\Opencart\pom.xml.
2026-02-21 14:48:42,751 [Worker-127: Building] WARN  o.e.m.c.i.embedder.EclipseLogger - Using platform encoding (UTF-8 actually) to copy filtered resources, i.e. build is platform dependent!
2026-02-21 14:48:42,761 [Worker-127: Building] INFO  o.e.m.c.i.embedder.EclipseLogger - Copying 0 resource
2026-02-21 14:48:42,764 [Worker-127: Building] WARN  o.e.m.c.i.embedder.EclipseLogger - Using platform encoding (UTF-8 actually) to copy filtered resources, i.e. build is platform dependent!
2026-02-21 14:48:42,765 [Worker-127: Building] INFO  o.e.m.c.i.embedder.EclipseLogger - Copying 0 resource
2026-02-21 14:48:44,015 [Worker-132: Download sources and javadoc] INFO  o.e.m.c.i.e.AbstractTransferListenerAdapter - Downloading https://repo.maven.apache.org/maven2/commons-io/commons-io/2.21.0/commons-io-2.21.0-sources.jar
2026-02-21 14:48:44,272 [Worker-132: Download sources and javadoc] INFO  o.e.m.c.i.e.AbstractTransferListenerAdapter - Downloaded https://repo.maven.apache.org/maven2/commons-io/commons-io/2.21.0/commons-io-2.21.0-sources.jar
2026-02-21 14:48:44,276 [Worker-132: Download sources and javadoc] INFO  o.e.m.j.internal.DownloadSourcesJob - Downloaded sources for commons-io:commons-io:2.21.0
2026-02-21 14:48:44,473 [Worker-132: Download sources and javadoc] INFO  o.e.m.c.i.e.AbstractTransferListenerAdapter - Downloading https://repo.maven.apache.org/maven2/org/apache/commons/commons-lang3/3.20.0/commons-lang3-3.20.0-sources.jar
2026-02-21 14:48:45,084 [Worker-132: Download sources and javadoc] INFO  o.e.m.c.i.e.AbstractTransferListenerAdapter - Downloaded https://repo.maven.apache.org/maven2/org/apache/commons/commons-lang3/3.20.0/commons-lang3-3.20.0-sources.jar
2026-02-21 14:48:45,089 [Worker-132: Download sources and javadoc] INFO  o.e.m.j.internal.DownloadSourcesJob - Downloaded sources for org.apache.commons:commons-lang3:3.20.0
2026-02-21 14:48:45,364 [Worker-127: Building] WARN  o.e.m.c.i.embedder.EclipseLogger - Using platform encoding (UTF-8 actually) to copy filtered resources, i.e. build is platform dependent!
2026-02-21 14:48:45,365 [Worker-127: Building] INFO  o.e.m.c.i.embedder.EclipseLogger - Copying 0 resource
2026-02-21 14:48:45,368 [Worker-127: Building] WARN  o.e.m.c.i.embedder.EclipseLogger - Using platform encoding (UTF-8 actually) to copy filtered resources, i.e. build is platform dependent!
2026-02-21 14:48:45,369 [Worker-127: Building] INFO  o.e.m.c.i.embedder.EclipseLogger - Copying 0 resource
2026-02-21 14:51:08,328 [Worker-134: Building] INFO  o.e.m.c.i.l.LifecycleMappingFactory - Using org.eclipse.m2e.jdt.JarLifecycleMapping lifecycle mapping for MavenProject: Opencart:Opencart:0.0.1-SNAPSHOT @ C:\Users\SCLPT 123\eclipse-workspace\Opencart\pom.xml.
2026-02-21 14:51:08,949 [Worker-134: Building] WARN  o.e.m.c.i.embedder.EclipseLogger - Using platform encoding (UTF-8 actually) to copy filtered resources, i.e. build is platform dependent!
2026-02-21 14:51:08,950 [Worker-134: Building] INFO  o.e.m.c.i.embedder.EclipseLogger - Copying 0 resource
2026-02-21 14:51:08,952 [Worker-134: Building] WARN  o.e.m.c.i.embedder.EclipseLogger - Using platform encoding (UTF-8 actually) to copy filtered resources, i.e. build is platform dependent!
2026-02-21 14:51:08,953 [Worker-134: Building] INFO  o.e.m.c.i.embedder.EclipseLogger - Copying 0 resource
2026-02-21 14:51:10,526 [Worker-133: Download sources and javadoc] INFO  o.e.m.c.i.e.AbstractTransferListenerAdapter - Downloading https://repo.maven.apache.org/maven2/org/apache/poi/poi/5.5.1/poi-5.5.1-sources.jar
2026-02-21 14:51:11,485 [Worker-133: Download sources and javadoc] INFO  o.e.m.c.i.e.AbstractTransferListenerAdapter - Downloaded https://repo.maven.apache.org/maven2/org/apache/poi/poi/5.5.1/poi-5.5.1-sources.jar
2026-02-21 14:51:11,487 [Worker-133: Download sources and javadoc] INFO  o.e.m.j.internal.DownloadSourcesJob - Downloaded sources for org.apache.poi:poi:5.5.1
2026-02-21 14:51:11,591 [Worker-133: Download sources and javadoc] INFO  o.e.m.c.i.e.AbstractTransferListenerAdapter - Downloading https://repo.maven.apache.org/maven2/commons-codec/commons-codec/1.20.0/commons-codec-1.20.0-sources.jar
2026-02-21 14:51:11,748 [Worker-133: Download sources and javadoc] INFO  o.e.m.c.i.e.AbstractTransferListenerAdapter - Downloaded https://repo.maven.apache.org/maven2/commons-codec/commons-codec/1.20.0/commons-codec-1.20.0-sources.jar
2026-02-21 14:51:11,749 [Worker-133: Download sources and javadoc] INFO  o.e.m.j.internal.DownloadSourcesJob - Downloaded sources for commons-codec:commons-codec:1.20.0
2026-02-21 14:51:11,845 [Worker-133: Download sources and javadoc] INFO  o.e.m.c.i.e.AbstractTransferListenerAdapter - Downloading https://repo.maven.apache.org/maven2/org/apache/commons/commons-collections4/4.5.0/commons-collections4-4.5.0-sources.jar
2026-02-21 14:51:12,407 [Worker-133: Download sources and javadoc] INFO  o.e.m.c.i.e.AbstractTransferListenerAdapter - Downloaded https://repo.maven.apache.org/maven2/org/apache/commons/commons-collections4/4.5.0/commons-collections4-4.5.0-sources.jar
2026-02-21 14:51:12,410 [Worker-133: Download sources and javadoc] INFO  o.e.m.j.internal.DownloadSourcesJob - Downloaded sources for org.apache.commons:commons-collections4:4.5.0
2026-02-21 14:51:12,571 [Worker-133: Download sources and javadoc] INFO  o.e.m.c.i.e.AbstractTransferListenerAdapter - Downloading https://repo.maven.apache.org/maven2/com/zaxxer/SparseBitSet/1.3/SparseBitSet-1.3-sources.jar
2026-02-21 14:51:12,630 [Worker-133: Download sources and javadoc] INFO  o.e.m.c.i.e.AbstractTransferListenerAdapter - Downloaded https://repo.maven.apache.org/maven2/com/zaxxer/SparseBitSet/1.3/SparseBitSet-1.3-sources.jar
2026-02-21 14:51:12,636 [Worker-133: Download sources and javadoc] INFO  o.e.m.j.internal.DownloadSourcesJob - Downloaded sources for com.zaxxer:SparseBitSet:1.3
2026-02-21 14:51:12,844 [Worker-133: Download sources and javadoc] INFO  o.e.m.c.i.e.AbstractTransferListenerAdapter - Downloading https://repo.maven.apache.org/maven2/org/apache/logging/log4j/log4j-api/2.24.3/log4j-api-2.24.3-sources.jar
2026-02-21 14:51:13,097 [Worker-133: Download sources and javadoc] INFO  o.e.m.c.i.e.AbstractTransferListenerAdapter - Downloaded https://repo.maven.apache.org/maven2/org/apache/logging/log4j/log4j-api/2.24.3/log4j-api-2.24.3-sources.jar
2026-02-21 14:51:13,101 [Worker-133: Download sources and javadoc] INFO  o.e.m.j.internal.DownloadSourcesJob - Downloaded sources for org.apache.logging.log4j:log4j-api:2.24.3
2026-02-21 14:51:13,206 [Worker-133: Download sources and javadoc] INFO  o.e.m.c.i.e.AbstractTransferListenerAdapter - Downloading https://repo.maven.apache.org/maven2/org/apache/poi/poi-ooxml/5.5.1/poi-ooxml-5.5.1-sources.jar
2026-02-21 14:51:13,734 [Worker-133: Download sources and javadoc] INFO  o.e.m.c.i.e.AbstractTransferListenerAdapter - Downloaded https://repo.maven.apache.org/maven2/org/apache/poi/poi-ooxml/5.5.1/poi-ooxml-5.5.1-sources.jar
2026-02-21 14:51:13,737 [Worker-133: Download sources and javadoc] INFO  o.e.m.j.internal.DownloadSourcesJob - Downloaded sources for org.apache.poi:poi-ooxml:5.5.1
2026-02-21 14:51:13,841 [Worker-133: Download sources and javadoc] INFO  o.e.m.c.i.e.AbstractTransferListenerAdapter - Downloading https://repo.maven.apache.org/maven2/org/apache/poi/poi-ooxml-lite/5.5.1/poi-ooxml-lite-5.5.1-sources.jar
2026-02-21 14:51:16,761 [Worker-133: Download sources and javadoc] INFO  o.e.m.c.i.e.AbstractTransferListenerAdapter - Downloaded https://repo.maven.apache.org/maven2/org/apache/poi/poi-ooxml-lite/5.5.1/poi-ooxml-lite-5.5.1-sources.jar
2026-02-21 14:51:16,765 [Worker-133: Download sources and javadoc] INFO  o.e.m.j.internal.DownloadSourcesJob - Downloaded sources for org.apache.poi:poi-ooxml-lite:5.5.1
2026-02-21 14:51:17,099 [Worker-133: Download sources and javadoc] INFO  o.e.m.c.i.e.AbstractTransferListenerAdapter - Downloading https://repo.maven.apache.org/maven2/org/apache/xmlbeans/xmlbeans/5.3.0/xmlbeans-5.3.0-sources.jar
2026-02-21 14:51:17,875 [Worker-133: Download sources and javadoc] INFO  o.e.m.c.i.e.AbstractTransferListenerAdapter - Downloaded https://repo.maven.apache.org/maven2/org/apache/xmlbeans/xmlbeans/5.3.0/xmlbeans-5.3.0-sources.jar
2026-02-21 14:51:17,877 [Worker-133: Download sources and javadoc] INFO  o.e.m.j.internal.DownloadSourcesJob - Downloaded sources for org.apache.xmlbeans:xmlbeans:5.3.0
2026-02-21 14:51:17,964 [Worker-133: Download sources and javadoc] INFO  o.e.m.c.i.e.AbstractTransferListenerAdapter - Downloading https://repo.maven.apache.org/maven2/org/apache/commons/commons-compress/1.28.0/commons-compress-1.28.0-sources.jar
2026-02-21 14:51:18,220 [Worker-133: Download sources and javadoc] INFO  o.e.m.c.i.e.AbstractTransferListenerAdapter - Downloaded https://repo.maven.apache.org/maven2/org/apache/commons/commons-compress/1.28.0/commons-compress-1.28.0-sources.jar
2026-02-21 14:51:18,223 [Worker-133: Download sources and javadoc] INFO  o.e.m.j.internal.DownloadSourcesJob - Downloaded sources for org.apache.commons:commons-compress:1.28.0
2026-02-21 14:51:18,329 [Worker-133: Download sources and javadoc] INFO  o.e.m.c.i.e.AbstractTransferListenerAdapter - Downloading https://repo.maven.apache.org/maven2/com/github/virtuald/curvesapi/1.08/curvesapi-1.08-sources.jar
2026-02-21 14:51:19,364 [Worker-133: Download sources and javadoc] INFO  o.e.m.c.i.e.AbstractTransferListenerAdapter - Downloaded https://repo.maven.apache.org/maven2/com/github/virtuald/curvesapi/1.08/curvesapi-1.08-sources.jar
2026-02-21 14:51:19,367 [Worker-133: Download sources and javadoc] INFO  o.e.m.j.internal.DownloadSourcesJob - Downloaded sources for com.github.virtuald:curvesapi:1.08
2026-02-21 14:51:19,655 [Worker-134: Building] WARN  o.e.m.c.i.embedder.EclipseLogger - Using platform encoding (UTF-8 actually) to copy filtered resources, i.e. build is platform dependent!
2026-02-21 14:51:19,660 [Worker-134: Building] INFO  o.e.m.c.i.embedder.EclipseLogger - Copying 0 resource
2026-02-21 14:51:19,662 [Worker-134: Building] WARN  o.e.m.c.i.embedder.EclipseLogger - Using platform encoding (UTF-8 actually) to copy filtered resources, i.e. build is platform dependent!
2026-02-21 14:51:19,662 [Worker-134: Building] INFO  o.e.m.c.i.embedder.EclipseLogger - Copying 0 resource
2026-02-21 14:58:09,791 [Worker-133: Building] INFO  o.e.m.c.i.l.LifecycleMappingFactory - Using org.eclipse.m2e.jdt.JarLifecycleMapping lifecycle mapping for MavenProject: Opencart:Opencart:0.0.1-SNAPSHOT @ C:\Users\SCLPT 123\eclipse-workspace\Opencart\pom.xml.
2026-02-21 14:58:10,472 [Worker-133: Building] WARN  o.e.m.c.i.embedder.EclipseLogger - Using platform encoding (UTF-8 actually) to copy filtered resources, i.e. build is platform dependent!
2026-02-21 14:58:10,486 [Worker-133: Building] INFO  o.e.m.c.i.embedder.EclipseLogger - Copying 0 resource
2026-02-21 14:58:10,487 [Worker-133: Building] WARN  o.e.m.c.i.embedder.EclipseLogger - Using platform encoding (UTF-8 actually) to copy filtered resources, i.e. build is platform dependent!
2026-02-21 14:58:10,488 [Worker-133: Building] INFO  o.e.m.c.i.embedder.EclipseLogger - Copying 0 resource
2026-02-21 14:58:12,612 [Worker-133: Download sources and javadoc] INFO  o.e.m.c.i.e.AbstractTransferListenerAdapter - Downloading https://repo.maven.apache.org/maven2/org/apache/logging/log4j/log4j-core/3.0.0-beta3/log4j-core-3.0.0-beta3-sources.jar
2026-02-21 14:58:12,759 [Worker-133: Download sources and javadoc] INFO  o.e.m.c.i.e.AbstractTransferListenerAdapter - Downloaded https://repo.maven.apache.org/maven2/org/apache/logging/log4j/log4j-core/3.0.0-beta3/log4j-core-3.0.0-beta3-sources.jar
2026-02-21 14:58:12,760 [Worker-133: Download sources and javadoc] INFO  o.e.m.j.internal.DownloadSourcesJob - Downloaded sources for org.apache.logging.log4j:log4j-core:3.0.0-beta3
2026-02-21 14:58:12,862 [Worker-133: Download sources and javadoc] INFO  o.e.m.c.i.e.AbstractTransferListenerAdapter - Downloading https://repo.maven.apache.org/maven2/org/apache/logging/log4j/log4j-kit/3.0.0-beta3/log4j-kit-3.0.0-beta3-sources.jar
2026-02-21 14:58:12,901 [Worker-133: Download sources and javadoc] INFO  o.e.m.c.i.e.AbstractTransferListenerAdapter - Downloaded https://repo.maven.apache.org/maven2/org/apache/logging/log4j/log4j-kit/3.0.0-beta3/log4j-kit-3.0.0-beta3-sources.jar
2026-02-21 14:58:12,903 [Worker-133: Download sources and javadoc] INFO  o.e.m.j.internal.DownloadSourcesJob - Downloaded sources for org.apache.logging.log4j:log4j-kit:3.0.0-beta3
2026-02-21 14:58:13,015 [Worker-133: Download sources and javadoc] INFO  o.e.m.c.i.e.AbstractTransferListenerAdapter - Downloading https://repo.maven.apache.org/maven2/org/apache/logging/log4j/log4j-plugins/3.0.0-beta3/log4j-plugins-3.0.0-beta3-sources.jar
2026-02-21 14:58:13,079 [Worker-133: Download sources and javadoc] INFO  o.e.m.c.i.e.AbstractTransferListenerAdapter - Downloaded https://repo.maven.apache.org/maven2/org/apache/logging/log4j/log4j-plugins/3.0.0-beta3/log4j-plugins-3.0.0-beta3-sources.jar
2026-02-21 14:58:13,081 [Worker-133: Download sources and javadoc] INFO  o.e.m.j.internal.DownloadSourcesJob - Downloaded sources for org.apache.logging.log4j:log4j-plugins:3.0.0-beta3
2026-02-21 14:58:13,191 [Worker-133: Download sources and javadoc] INFO  o.e.m.c.i.e.AbstractTransferListenerAdapter - Downloading https://repo.maven.apache.org/maven2/org/apache/logging/log4j/log4j-api/3.0.0-beta2/log4j-api-3.0.0-beta2-sources.jar
2026-02-21 14:58:13,271 [Worker-133: Download sources and javadoc] INFO  o.e.m.c.i.e.AbstractTransferListenerAdapter - Downloaded https://repo.maven.apache.org/maven2/org/apache/logging/log4j/log4j-api/3.0.0-beta2/log4j-api-3.0.0-beta2-sources.jar
2026-02-21 14:58:13,273 [Worker-133: Download sources and javadoc] INFO  o.e.m.j.internal.DownloadSourcesJob - Downloaded sources for org.apache.logging.log4j:log4j-api:3.0.0-beta2
2026-02-21 14:58:13,361 [Worker-133: Download sources and javadoc] INFO  o.e.m.c.i.e.AbstractTransferListenerAdapter - Downloading https://repo.maven.apache.org/maven2/org/apache/logging/log4j/log4j-slf4j-impl/2.25.3/log4j-slf4j-impl-2.25.3-sources.jar
2026-02-21 14:58:13,445 [Worker-133: Download sources and javadoc] INFO  o.e.m.c.i.e.AbstractTransferListenerAdapter - Downloaded https://repo.maven.apache.org/maven2/org/apache/logging/log4j/log4j-slf4j-impl/2.25.3/log4j-slf4j-impl-2.25.3-sources.jar
2026-02-21 14:58:13,446 [Worker-133: Download sources and javadoc] INFO  o.e.m.j.internal.DownloadSourcesJob - Downloaded sources for org.apache.logging.log4j:log4j-slf4j-impl:2.25.3
2026-02-21 14:58:13,539 [Worker-133: Download sources and javadoc] INFO  o.e.m.c.i.e.AbstractTransferListenerAdapter - Downloading https://repo.maven.apache.org/maven2/org/slf4j/slf4j-api/1.7.36/slf4j-api-1.7.36-sources.jar
2026-02-21 14:58:13,571 [Worker-133: Download sources and javadoc] INFO  o.e.m.c.i.e.AbstractTransferListenerAdapter - Downloaded https://repo.maven.apache.org/maven2/org/slf4j/slf4j-api/1.7.36/slf4j-api-1.7.36-sources.jar
2026-02-21 14:58:13,573 [Worker-133: Download sources and javadoc] INFO  o.e.m.j.internal.DownloadSourcesJob - Downloaded sources for org.slf4j:slf4j-api:1.7.36
2026-02-21 14:58:13,673 [Worker-133: Download sources and javadoc] INFO  o.e.m.c.i.e.AbstractTransferListenerAdapter - Downloading https://repo.maven.apache.org/maven2/com/aventstack/extentreports/5.1.2/extentreports-5.1.2-sources.jar
2026-02-21 14:58:13,816 [Worker-133: Download sources and javadoc] INFO  o.e.m.c.i.e.AbstractTransferListenerAdapter - Downloaded https://repo.maven.apache.org/maven2/com/aventstack/extentreports/5.1.2/extentreports-5.1.2-sources.jar
2026-02-21 14:58:13,818 [Worker-133: Download sources and javadoc] INFO  o.e.m.j.internal.DownloadSourcesJob - Downloaded sources for com.aventstack:extentreports:5.1.2
2026-02-21 14:58:13,924 [Worker-133: Download sources and javadoc] INFO  o.e.m.c.i.e.AbstractTransferListenerAdapter - Downloading https://repo.maven.apache.org/maven2/io/reactivex/rxjava3/rxjava/3.1.6/rxjava-3.1.6-sources.jar
2026-02-21 14:58:14,315 [Worker-133: Download sources and javadoc] INFO  o.e.m.c.i.e.AbstractTransferListenerAdapter - Downloaded https://repo.maven.apache.org/maven2/io/reactivex/rxjava3/rxjava/3.1.6/rxjava-3.1.6-sources.jar
2026-02-21 14:58:14,319 [Worker-133: Download sources and javadoc] INFO  o.e.m.j.internal.DownloadSourcesJob - Downloaded sources for io.reactivex.rxjava3:rxjava:3.1.6
2026-02-21 14:58:14,460 [Worker-133: Download sources and javadoc] INFO  o.e.m.c.i.e.AbstractTransferListenerAdapter - Downloading https://repo.maven.apache.org/maven2/org/reactivestreams/reactive-streams/1.0.4/reactive-streams-1.0.4-sources.jar
2026-02-21 14:58:14,503 [Worker-133: Download sources and javadoc] INFO  o.e.m.c.i.e.AbstractTransferListenerAdapter - Downloaded https://repo.maven.apache.org/maven2/org/reactivestreams/reactive-streams/1.0.4/reactive-streams-1.0.4-sources.jar
2026-02-21 14:58:14,510 [Worker-133: Download sources and javadoc] INFO  o.e.m.j.internal.DownloadSourcesJob - Downloaded sources for org.reactivestreams:reactive-streams:1.0.4
2026-02-21 14:58:14,625 [Worker-133: Download sources and javadoc] INFO  o.e.m.c.i.e.AbstractTransferListenerAdapter - Downloading https://repo.maven.apache.org/maven2/org/freemarker/freemarker/2.3.32/freemarker-2.3.32-sources.jar
2026-02-21 14:58:14,985 [Worker-133: Download sources and javadoc] INFO  o.e.m.c.i.e.AbstractTransferListenerAdapter - Downloaded https://repo.maven.apache.org/maven2/org/freemarker/freemarker/2.3.32/freemarker-2.3.32-sources.jar
2026-02-21 14:58:14,988 [Worker-133: Download sources and javadoc] INFO  o.e.m.j.internal.DownloadSourcesJob - Downloaded sources for org.freemarker:freemarker:2.3.32
2026-02-21 14:58:15,091 [Worker-133: Download sources and javadoc] INFO  o.e.m.c.i.e.AbstractTransferListenerAdapter - Downloading https://repo.maven.apache.org/maven2/org/projectlombok/lombok/1.18.26/lombok-1.18.26-sources.jar
2026-02-21 14:58:15,283 [Worker-133: Download sources and javadoc] INFO  o.e.m.c.i.e.AbstractTransferListenerAdapter - Downloaded https://repo.maven.apache.org/maven2/org/projectlombok/lombok/1.18.26/lombok-1.18.26-sources.jar
2026-02-21 14:58:15,286 [Worker-133: Download sources and javadoc] INFO  o.e.m.j.internal.DownloadSourcesJob - Downloaded sources for org.projectlombok:lombok:1.18.26
2026-02-21 14:58:15,394 [Worker-133: Download sources and javadoc] INFO  o.e.m.c.i.e.AbstractTransferListenerAdapter - Downloading https://repo.maven.apache.org/maven2/com/google/code/gson/gson/2.10.1/gson-2.10.1-sources.jar
2026-02-21 14:58:15,464 [Worker-133: Download sources and javadoc] INFO  o.e.m.c.i.e.AbstractTransferListenerAdapter - Downloaded https://repo.maven.apache.org/maven2/com/google/code/gson/gson/2.10.1/gson-2.10.1-sources.jar
2026-02-21 14:58:15,470 [Worker-133: Download sources and javadoc] INFO  o.e.m.j.internal.DownloadSourcesJob - Downloaded sources for com.google.code.gson:gson:2.10.1
2026-02-21 14:58:15,855 [Worker-137: Building] WARN  o.e.m.c.i.embedder.EclipseLogger - Using platform encoding (UTF-8 actually) to copy filtered resources, i.e. build is platform dependent!
2026-02-21 14:58:15,859 [Worker-137: Building] INFO  o.e.m.c.i.embedder.EclipseLogger - Copying 0 resource
2026-02-21 14:58:15,861 [Worker-137: Building] WARN  o.e.m.c.i.embedder.EclipseLogger - Using platform encoding (UTF-8 actually) to copy filtered resources, i.e. build is platform dependent!
2026-02-21 14:58:15,862 [Worker-137: Building] INFO  o.e.m.c.i.embedder.EclipseLogger - Copying 0 resource
2026-02-21 19:45:44,170 [Worker-143: Updating Maven Project] INFO  o.e.m.c.i.p.ProjectConfigurationManager - Update started
2026-02-21 19:45:45,218 [Worker-143: Updating Maven Project] INFO  o.e.m.c.i.l.LifecycleMappingFactory - Using org.eclipse.m2e.jdt.JarLifecycleMapping lifecycle mapping for MavenProject: Opencart:Opencart:0.0.1-SNAPSHOT @ C:\Users\SCLPT 123\eclipse-workspace\Opencart\pom.xml.
2026-02-21 19:45:45,718 [Worker-143: Updating Maven Project] INFO  o.e.m.c.i.l.LifecycleMappingFactory - Using org.eclipse.m2e.jdt.JarLifecycleMapping lifecycle mapping for MavenProject: PetStoreAutomation:PetStoreAutomation:0.0.1-SNAPSHOT @ C:\Users\SCLPT 123\eclipse-workspace\PetStoreAutomation\pom.xml.
2026-02-21 19:45:46,503 [Worker-143: Updating Maven Project] INFO  o.e.m.c.i.e.AbstractTransferListenerAdapter - Downloaded https://repo.maven.apache.org/maven2/com/github/scribejava/scribejava-apis/9.1.0/scribejava-apis-9.1.0.pom
2026-02-21 19:45:46,505 [Worker-143: Updating Maven Project] WARN  o.e.m.c.i.embedder.EclipseLogger - The POM for com.github.scribejava:scribejava-apis:jar:9.1.0 is missing, no dependency information available
2026-02-21 19:45:47,111 [Worker-143: Updating Maven Project] INFO  o.e.m.c.i.e.AbstractTransferListenerAdapter - Downloaded https://repo.maven.apache.org/maven2/com/github/scribejava/scribejava-apis/9.1.0/scribejava-apis-9.1.0.jar
2026-02-21 19:45:47,894 [Worker-143: Updating Maven Project] INFO  o.e.m.j.i.AbstractJavaProjectConfigurator - Adding source folder /Opencart/src/main/java
2026-02-21 19:45:47,894 [Worker-143: Updating Maven Project] INFO  o.e.m.j.i.AbstractJavaProjectConfigurator - Adding resource folder /Opencart/src/main/resources
2026-02-21 19:45:47,895 [Worker-143: Updating Maven Project] INFO  o.e.m.j.i.AbstractJavaProjectConfigurator - Adding source folder /Opencart/src/test/java
2026-02-21 19:45:47,895 [Worker-143: Updating Maven Project] INFO  o.e.m.j.i.AbstractJavaProjectConfigurator - Adding resource folder /Opencart/src/test/resources
2026-02-21 19:45:48,183 [Worker-143: Updating Maven Project] INFO  o.e.m.c.i.p.ProjectConfigurationManager - Update completed: 4 sec
2026-02-21 19:45:48,586 [Worker-150: Building] WARN  o.e.m.c.i.embedder.EclipseLogger - Using platform encoding (UTF-8 actually) to copy filtered resources, i.e. build is platform dependent!
2026-02-21 19:45:48,589 [Worker-150: Building] INFO  o.e.m.c.i.embedder.EclipseLogger - Copying 0 resource
2026-02-21 19:45:48,593 [Worker-150: Building] WARN  o.e.m.c.i.embedder.EclipseLogger - Using platform encoding (UTF-8 actually) to copy filtered resources, i.e. build is platform dependent!
2026-02-21 19:45:48,594 [Worker-150: Building] INFO  o.e.m.c.i.embedder.EclipseLogger - Copying 0 resource
2026-02-21 19:45:48,660 [Worker-150: Building] WARN  o.e.m.c.i.embedder.EclipseLogger - The POM for com.github.scribejava:scribejava-apis:jar:9.1.0 is missing, no dependency information available
2026-02-21 19:45:48,791 [Worker-150: Building] WARN  o.e.m.c.i.embedder.EclipseLogger - Using platform encoding (UTF-8 actually) to copy filtered resources, i.e. build is platform dependent!
2026-02-21 19:45:48,796 [Worker-150: Building] INFO  o.e.m.c.i.embedder.EclipseLogger - Copying 0 resource
2026-02-21 19:45:48,797 [Worker-150: Building] WARN  o.e.m.c.i.embedder.EclipseLogger - Using platform encoding (UTF-8 actually) to copy filtered resources, i.e. build is platform dependent!
2026-02-21 19:45:48,798 [Worker-150: Building] INFO  o.e.m.c.i.embedder.EclipseLogger - Copying 0 resource
2026-02-21 19:47:23,931 [Worker-150: Building] WARN  o.e.m.c.i.embedder.EclipseLogger - Using platform encoding (UTF-8 actually) to copy filtered resources, i.e. build is platform dependent!
2026-02-21 19:47:23,932 [Worker-150: Building] INFO  o.e.m.c.i.embedder.EclipseLogger - Copying 0 resource
2026-02-21 19:47:23,933 [Worker-150: Building] WARN  o.e.m.c.i.embedder.EclipseLogger - Using platform encoding (UTF-8 actually) to copy filtered resources, i.e. build is platform dependent!
2026-02-21 19:47:23,935 [Worker-150: Building] INFO  o.e.m.c.i.embedder.EclipseLogger - Copying 0 resource
2026-02-21 19:47:39,418 [Worker-150: Building] WARN  o.e.m.c.i.embedder.EclipseLogger - Using platform encoding (UTF-8 actually) to copy filtered resources, i.e. build is platform dependent!
2026-02-21 19:47:39,419 [Worker-150: Building] INFO  o.e.m.c.i.embedder.EclipseLogger - Copying 0 resource
2026-02-21 19:47:39,421 [Worker-150: Building] WARN  o.e.m.c.i.embedder.EclipseLogger - Using platform encoding (UTF-8 actually) to copy filtered resources, i.e. build is platform dependent!
2026-02-21 19:47:39,422 [Worker-150: Building] INFO  o.e.m.c.i.embedder.EclipseLogger - Copying 0 resource
2026-02-21 19:47:54,045 [Worker-151: Building] WARN  o.e.m.c.i.embedder.EclipseLogger - Using platform encoding (UTF-8 actually) to copy filtered resources, i.e. build is platform dependent!
2026-02-21 19:47:54,046 [Worker-151: Building] INFO  o.e.m.c.i.embedder.EclipseLogger - Copying 0 resource
2026-02-21 19:47:54,047 [Worker-151: Building] WARN  o.e.m.c.i.embedder.EclipseLogger - Using platform encoding (UTF-8 actually) to copy filtered resources, i.e. build is platform dependent!
2026-02-21 19:47:54,048 [Worker-151: Building] INFO  o.e.m.c.i.embedder.EclipseLogger - Copying 0 resource
2026-02-21 19:48:13,266 [Worker-150: Building] WARN  o.e.m.c.i.embedder.EclipseLogger - Using platform encoding (UTF-8 actually) to copy filtered resources, i.e. build is platform dependent!
2026-02-21 19:48:13,267 [Worker-150: Building] INFO  o.e.m.c.i.embedder.EclipseLogger - Copying 0 resource
2026-02-21 19:48:13,269 [Worker-150: Building] WARN  o.e.m.c.i.embedder.EclipseLogger - Using platform encoding (UTF-8 actually) to copy filtered resources, i.e. build is platform dependent!
2026-02-21 19:48:13,270 [Worker-150: Building] INFO  o.e.m.c.i.embedder.EclipseLogger - Copying 0 resource
2026-02-21 19:48:48,969 [Worker-152: Building] WARN  o.e.m.c.i.embedder.EclipseLogger - Using platform encoding (UTF-8 actually) to copy filtered resources, i.e. build is platform dependent!
2026-02-21 19:48:48,970 [Worker-152: Building] INFO  o.e.m.c.i.embedder.EclipseLogger - Copying 0 resource
2026-02-21 19:48:48,971 [Worker-152: Building] WARN  o.e.m.c.i.embedder.EclipseLogger - Using platform encoding (UTF-8 actually) to copy filtered resources, i.e. build is platform dependent!
2026-02-21 19:48:48,972 [Worker-152: Building] INFO  o.e.m.c.i.embedder.EclipseLogger - Copying 0 resource
2026-02-21 19:49:00,891 [Worker-152: Building] WARN  o.e.m.c.i.embedder.EclipseLogger - Using platform encoding (UTF-8 actually) to copy filtered resources, i.e. build is platform dependent!
2026-02-21 19:49:00,893 [Worker-152: Building] INFO  o.e.m.c.i.embedder.EclipseLogger - Copying 0 resource
2026-02-21 19:49:00,895 [Worker-152: Building] WARN  o.e.m.c.i.embedder.EclipseLogger - Using platform encoding (UTF-8 actually) to copy filtered resources, i.e. build is platform dependent!
2026-02-21 19:49:00,896 [Worker-152: Building] INFO  o.e.m.c.i.embedder.EclipseLogger - Copying 0 resource
2026-02-21 19:49:17,843 [Worker-143: Building] WARN  o.e.m.c.i.embedder.EclipseLogger - Using platform encoding (UTF-8 actually) to copy filtered resources, i.e. build is platform dependent!
2026-02-21 19:49:17,844 [Worker-143: Building] INFO  o.e.m.c.i.embedder.EclipseLogger - Copying 0 resource
2026-02-21 19:49:17,845 [Worker-143: Building] WARN  o.e.m.c.i.embedder.EclipseLogger - Using platform encoding (UTF-8 actually) to copy filtered resources, i.e. build is platform dependent!
2026-02-21 19:49:17,846 [Worker-143: Building] INFO  o.e.m.c.i.embedder.EclipseLogger - Copying 0 resource
2026-02-21 19:49:44,228 [Worker-152: Building] WARN  o.e.m.c.i.embedder.EclipseLogger - Using platform encoding (UTF-8 actually) to copy filtered resources, i.e. build is platform dependent!
2026-02-21 19:49:44,228 [Worker-152: Building] INFO  o.e.m.c.i.embedder.EclipseLogger - Copying 0 resource
2026-02-21 19:49:44,229 [Worker-152: Building] WARN  o.e.m.c.i.embedder.EclipseLogger - Using platform encoding (UTF-8 actually) to copy filtered resources, i.e. build is platform dependent!
2026-02-21 19:49:44,230 [Worker-152: Building] INFO  o.e.m.c.i.embedder.EclipseLogger - Copying 0 resource
2026-02-21 20:11:16,327 [Worker-153: Building] WARN  o.e.m.c.i.embedder.EclipseLogger - Using platform encoding (UTF-8 actually) to copy filtered resources, i.e. build is platform dependent!
2026-02-21 20:11:16,330 [Worker-153: Building] INFO  o.e.m.c.i.embedder.EclipseLogger - skip non existing resourceDirectory C:\Users\SCLPT 123\eclipse-workspace\Opencart\src\main\resources
2026-02-21 20:11:16,331 [Worker-153: Building] WARN  o.e.m.c.i.embedder.EclipseLogger - Using platform encoding (UTF-8 actually) to copy filtered resources, i.e. build is platform dependent!
2026-02-21 20:11:16,333 [Worker-153: Building] INFO  o.e.m.c.i.embedder.EclipseLogger - Copying 0 resource
2026-02-21 21:20:10,357 [Worker-151: Building] WARN  o.e.m.c.i.embedder.EclipseLogger - Using platform encoding (UTF-8 actually) to copy filtered resources, i.e. build is platform dependent!
2026-02-21 21:20:10,373 [Worker-151: Building] INFO  o.e.m.c.i.embedder.EclipseLogger - skip non existing resourceDirectory C:\Users\SCLPT 123\eclipse-workspace\Opencart\src\main\resources
2026-02-21 21:20:10,375 [Worker-151: Building] WARN  o.e.m.c.i.embedder.EclipseLogger - Using platform encoding (UTF-8 actually) to copy filtered resources, i.e. build is platform dependent!
2026-02-21 21:20:10,377 [Worker-151: Building] INFO  o.e.m.c.i.embedder.EclipseLogger - Copying 0 resource
2026-02-21 21:25:27,131 [Worker-161: Building] WARN  o.e.m.c.i.embedder.EclipseLogger - Using platform encoding (UTF-8 actually) to copy filtered resources, i.e. build is platform dependent!
2026-02-21 21:25:27,133 [Worker-161: Building] INFO  o.e.m.c.i.embedder.EclipseLogger - skip non existing resourceDirectory C:\Users\SCLPT 123\eclipse-workspace\Opencart\src\main\resources
2026-02-21 21:25:27,134 [Worker-161: Building] WARN  o.e.m.c.i.embedder.EclipseLogger - Using platform encoding (UTF-8 actually) to copy filtered resources, i.e. build is platform dependent!
2026-02-21 21:25:27,136 [Worker-161: Building] INFO  o.e.m.c.i.embedder.EclipseLogger - Copying 0 resource
2026-02-21 21:25:37,419 [Worker-161: Building] WARN  o.e.m.c.i.embedder.EclipseLogger - Using platform encoding (UTF-8 actually) to copy filtered resources, i.e. build is platform dependent!
2026-02-21 21:25:37,420 [Worker-161: Building] INFO  o.e.m.c.i.embedder.EclipseLogger - skip non existing resourceDirectory C:\Users\SCLPT 123\eclipse-workspace\Opencart\src\main\resources
2026-02-21 21:25:37,420 [Worker-161: Building] WARN  o.e.m.c.i.embedder.EclipseLogger - Using platform encoding (UTF-8 actually) to copy filtered resources, i.e. build is platform dependent!
2026-02-21 21:25:37,421 [Worker-161: Building] INFO  o.e.m.c.i.embedder.EclipseLogger - Copying 0 resource
2026-02-21 21:28:58,361 [Worker-158: Building] WARN  o.e.m.c.i.embedder.EclipseLogger - Using platform encoding (UTF-8 actually) to copy filtered resources, i.e. build is platform dependent!
2026-02-21 21:28:58,361 [Worker-158: Building] INFO  o.e.m.c.i.embedder.EclipseLogger - skip non existing resourceDirectory C:\Users\SCLPT 123\eclipse-workspace\Opencart\src\main\resources
2026-02-21 21:28:58,362 [Worker-158: Building] WARN  o.e.m.c.i.embedder.EclipseLogger - Using platform encoding (UTF-8 actually) to copy filtered resources, i.e. build is platform dependent!
2026-02-21 21:28:58,363 [Worker-158: Building] INFO  o.e.m.c.i.embedder.EclipseLogger - Copying 0 resource
2026-02-21 21:29:05,745 [Worker-159: Building] WARN  o.e.m.c.i.embedder.EclipseLogger - Using platform encoding (UTF-8 actually) to copy filtered resources, i.e. build is platform dependent!
2026-02-21 21:29:05,745 [Worker-159: Building] INFO  o.e.m.c.i.embedder.EclipseLogger - skip non existing resourceDirectory C:\Users\SCLPT 123\eclipse-workspace\Opencart\src\main\resources
2026-02-21 21:29:05,746 [Worker-159: Building] WARN  o.e.m.c.i.embedder.EclipseLogger - Using platform encoding (UTF-8 actually) to copy filtered resources, i.e. build is platform dependent!
2026-02-21 21:29:05,747 [Worker-159: Building] INFO  o.e.m.c.i.embedder.EclipseLogger - Copying 0 resource
2026-02-21 21:29:43,026 [Worker-163: Building] WARN  o.e.m.c.i.embedder.EclipseLogger - Using platform encoding (UTF-8 actually) to copy filtered resources, i.e. build is platform dependent!
2026-02-21 21:29:43,027 [Worker-163: Building] INFO  o.e.m.c.i.embedder.EclipseLogger - skip non existing resourceDirectory C:\Users\SCLPT 123\eclipse-workspace\Opencart\src\main\resources
2026-02-21 21:29:43,028 [Worker-163: Building] WARN  o.e.m.c.i.embedder.EclipseLogger - Using platform encoding (UTF-8 actually) to copy filtered resources, i.e. build is platform dependent!
2026-02-21 21:29:43,029 [Worker-163: Building] INFO  o.e.m.c.i.embedder.EclipseLogger - Copying 0 resource
2026-02-21 21:29:52,567 [Worker-158: Building] WARN  o.e.m.c.i.embedder.EclipseLogger - Using platform encoding (UTF-8 actually) to copy filtered resources, i.e. build is platform dependent!
2026-02-21 21:29:52,568 [Worker-158: Building] INFO  o.e.m.c.i.embedder.EclipseLogger - skip non existing resourceDirectory C:\Users\SCLPT 123\eclipse-workspace\Opencart\src\main\resources
2026-02-21 21:29:52,569 [Worker-158: Building] WARN  o.e.m.c.i.embedder.EclipseLogger - Using platform encoding (UTF-8 actually) to copy filtered resources, i.e. build is platform dependent!
2026-02-21 21:29:52,570 [Worker-158: Building] INFO  o.e.m.c.i.embedder.EclipseLogger - Copying 0 resource
2026-02-21 21:32:29,962 [Worker-159: Building] WARN  o.e.m.c.i.embedder.EclipseLogger - Using platform encoding (UTF-8 actually) to copy filtered resources, i.e. build is platform dependent!
2026-02-21 21:32:29,963 [Worker-159: Building] INFO  o.e.m.c.i.embedder.EclipseLogger - skip non existing resourceDirectory C:\Users\SCLPT 123\eclipse-workspace\Opencart\src\main\resources
2026-02-21 21:32:29,964 [Worker-159: Building] WARN  o.e.m.c.i.embedder.EclipseLogger - Using platform encoding (UTF-8 actually) to copy filtered resources, i.e. build is platform dependent!
2026-02-21 21:32:29,965 [Worker-159: Building] INFO  o.e.m.c.i.embedder.EclipseLogger - Copying 0 resource
2026-02-21 21:35:00,781 [Worker-159: Building] WARN  o.e.m.c.i.embedder.EclipseLogger - Using platform encoding (UTF-8 actually) to copy filtered resources, i.e. build is platform dependent!
2026-02-21 21:35:00,782 [Worker-159: Building] INFO  o.e.m.c.i.embedder.EclipseLogger - skip non existing resourceDirectory C:\Users\SCLPT 123\eclipse-workspace\Opencart\src\main\resources
2026-02-21 21:35:00,783 [Worker-159: Building] WARN  o.e.m.c.i.embedder.EclipseLogger - Using platform encoding (UTF-8 actually) to copy filtered resources, i.e. build is platform dependent!
2026-02-21 21:35:00,783 [Worker-159: Building] INFO  o.e.m.c.i.embedder.EclipseLogger - Copying 0 resource
2026-02-21 21:35:19,876 [Worker-163: Building] WARN  o.e.m.c.i.embedder.EclipseLogger - Using platform encoding (UTF-8 actually) to copy filtered resources, i.e. build is platform dependent!
2026-02-21 21:35:19,877 [Worker-163: Building] INFO  o.e.m.c.i.embedder.EclipseLogger - skip non existing resourceDirectory C:\Users\SCLPT 123\eclipse-workspace\Opencart\src\main\resources
2026-02-21 21:35:19,878 [Worker-163: Building] WARN  o.e.m.c.i.embedder.EclipseLogger - Using platform encoding (UTF-8 actually) to copy filtered resources, i.e. build is platform dependent!
2026-02-21 21:35:19,879 [Worker-163: Building] INFO  o.e.m.c.i.embedder.EclipseLogger - Copying 0 resource
2026-02-21 22:12:09,290 [Worker-159: Building] WARN  o.e.m.c.i.embedder.EclipseLogger - Using platform encoding (UTF-8 actually) to copy filtered resources, i.e. build is platform dependent!
2026-02-21 22:12:09,300 [Worker-159: Building] INFO  o.e.m.c.i.embedder.EclipseLogger - skip non existing resourceDirectory C:\Users\SCLPT 123\eclipse-workspace\Opencart\src\main\resources
2026-02-21 22:12:09,303 [Worker-159: Building] WARN  o.e.m.c.i.embedder.EclipseLogger - Using platform encoding (UTF-8 actually) to copy filtered resources, i.e. build is platform dependent!
2026-02-21 22:12:09,305 [Worker-159: Building] INFO  o.e.m.c.i.embedder.EclipseLogger - Copying 0 resource
2026-02-21 22:13:39,340 [Worker-169: Building] WARN  o.e.m.c.i.embedder.EclipseLogger - Using platform encoding (UTF-8 actually) to copy filtered resources, i.e. build is platform dependent!
2026-02-21 22:13:39,341 [Worker-169: Building] INFO  o.e.m.c.i.embedder.EclipseLogger - skip non existing resourceDirectory C:\Users\SCLPT 123\eclipse-workspace\Opencart\src\main\resources
2026-02-21 22:13:39,342 [Worker-169: Building] WARN  o.e.m.c.i.embedder.EclipseLogger - Using platform encoding (UTF-8 actually) to copy filtered resources, i.e. build is platform dependent!
2026-02-21 22:13:39,343 [Worker-169: Building] INFO  o.e.m.c.i.embedder.EclipseLogger - Copying 0 resource
2026-02-21 22:14:06,139 [Worker-163: Building] WARN  o.e.m.c.i.embedder.EclipseLogger - Using platform encoding (UTF-8 actually) to copy filtered resources, i.e. build is platform dependent!
2026-02-21 22:14:06,140 [Worker-163: Building] INFO  o.e.m.c.i.embedder.EclipseLogger - skip non existing resourceDirectory C:\Users\SCLPT 123\eclipse-workspace\Opencart\src\main\resources
2026-02-21 22:14:06,141 [Worker-163: Building] WARN  o.e.m.c.i.embedder.EclipseLogger - Using platform encoding (UTF-8 actually) to copy filtered resources, i.e. build is platform dependent!
2026-02-21 22:14:06,142 [Worker-163: Building] INFO  o.e.m.c.i.embedder.EclipseLogger - Copying 0 resource
2026-02-21 22:14:31,830 [Worker-169: Building] WARN  o.e.m.c.i.embedder.EclipseLogger - Using platform encoding (UTF-8 actually) to copy filtered resources, i.e. build is platform dependent!
2026-02-21 22:14:31,833 [Worker-169: Building] INFO  o.e.m.c.i.embedder.EclipseLogger - skip non existing resourceDirectory C:\Users\SCLPT 123\eclipse-workspace\Opencart\src\main\resources
2026-02-21 22:14:31,833 [Worker-169: Building] WARN  o.e.m.c.i.embedder.EclipseLogger - Using platform encoding (UTF-8 actually) to copy filtered resources, i.e. build is platform dependent!
2026-02-21 22:14:31,835 [Worker-169: Building] INFO  o.e.m.c.i.embedder.EclipseLogger - Copying 0 resource
2026-02-21 22:14:44,151 [Worker-159: Building] WARN  o.e.m.c.i.embedder.EclipseLogger - Using platform encoding (UTF-8 actually) to copy filtered resources, i.e. build is platform dependent!
2026-02-21 22:14:44,152 [Worker-159: Building] INFO  o.e.m.c.i.embedder.EclipseLogger - skip non existing resourceDirectory C:\Users\SCLPT 123\eclipse-workspace\Opencart\src\main\resources
2026-02-21 22:14:44,153 [Worker-159: Building] WARN  o.e.m.c.i.embedder.EclipseLogger - Using platform encoding (UTF-8 actually) to copy filtered resources, i.e. build is platform dependent!
2026-02-21 22:14:44,154 [Worker-159: Building] INFO  o.e.m.c.i.embedder.EclipseLogger - Copying 0 resource
2026-02-21 22:15:45,692 [Worker-169: Building] WARN  o.e.m.c.i.embedder.EclipseLogger - Using platform encoding (UTF-8 actually) to copy filtered resources, i.e. build is platform dependent!
2026-02-21 22:15:45,694 [Worker-169: Building] INFO  o.e.m.c.i.embedder.EclipseLogger - skip non existing resourceDirectory C:\Users\SCLPT 123\eclipse-workspace\Opencart\src\main\resources
2026-02-21 22:15:45,695 [Worker-169: Building] WARN  o.e.m.c.i.embedder.EclipseLogger - Using platform encoding (UTF-8 actually) to copy filtered resources, i.e. build is platform dependent!
2026-02-21 22:15:45,698 [Worker-169: Building] INFO  o.e.m.c.i.embedder.EclipseLogger - Copying 0 resource
2026-02-21 22:17:06,882 [Worker-171: Building] WARN  o.e.m.c.i.embedder.EclipseLogger - Using platform encoding (UTF-8 actually) to copy filtered resources, i.e. build is platform dependent!
2026-02-21 22:17:06,883 [Worker-171: Building] INFO  o.e.m.c.i.embedder.EclipseLogger - skip non existing resourceDirectory C:\Users\SCLPT 123\eclipse-workspace\Opencart\src\main\resources
2026-02-21 22:17:06,884 [Worker-171: Building] WARN  o.e.m.c.i.embedder.EclipseLogger - Using platform encoding (UTF-8 actually) to copy filtered resources, i.e. build is platform dependent!
2026-02-21 22:17:06,885 [Worker-171: Building] INFO  o.e.m.c.i.embedder.EclipseLogger - Copying 0 resource
2026-02-21 22:17:37,298 [Worker-159: Building] WARN  o.e.m.c.i.embedder.EclipseLogger - Using platform encoding (UTF-8 actually) to copy filtered resources, i.e. build is platform dependent!
2026-02-21 22:17:37,299 [Worker-159: Building] INFO  o.e.m.c.i.embedder.EclipseLogger - skip non existing resourceDirectory C:\Users\SCLPT 123\eclipse-workspace\Opencart\src\main\resources
2026-02-21 22:17:37,300 [Worker-159: Building] WARN  o.e.m.c.i.embedder.EclipseLogger - Using platform encoding (UTF-8 actually) to copy filtered resources, i.e. build is platform dependent!
2026-02-21 22:17:37,301 [Worker-159: Building] INFO  o.e.m.c.i.embedder.EclipseLogger - Copying 0 resource
2026-02-21 22:18:11,963 [Worker-169: Building] WARN  o.e.m.c.i.embedder.EclipseLogger - Using platform encoding (UTF-8 actually) to copy filtered resources, i.e. build is platform dependent!
2026-02-21 22:18:11,964 [Worker-169: Building] INFO  o.e.m.c.i.embedder.EclipseLogger - skip non existing resourceDirectory C:\Users\SCLPT 123\eclipse-workspace\Opencart\src\main\resources
2026-02-21 22:18:11,966 [Worker-169: Building] WARN  o.e.m.c.i.embedder.EclipseLogger - Using platform encoding (UTF-8 actually) to copy filtered resources, i.e. build is platform dependent!
2026-02-21 22:18:11,969 [Worker-169: Building] INFO  o.e.m.c.i.embedder.EclipseLogger - Copying 0 resource
2026-02-21 22:18:27,014 [Worker-163: Building] WARN  o.e.m.c.i.embedder.EclipseLogger - Using platform encoding (UTF-8 actually) to copy filtered resources, i.e. build is platform dependent!
2026-02-21 22:18:27,015 [Worker-163: Building] INFO  o.e.m.c.i.embedder.EclipseLogger - skip non existing resourceDirectory C:\Users\SCLPT 123\eclipse-workspace\Opencart\src\main\resources
2026-02-21 22:18:27,015 [Worker-163: Building] WARN  o.e.m.c.i.embedder.EclipseLogger - Using platform encoding (UTF-8 actually) to copy filtered resources, i.e. build is platform dependent!
2026-02-21 22:18:27,016 [Worker-163: Building] INFO  o.e.m.c.i.embedder.EclipseLogger - Copying 0 resource
2026-02-21 22:19:20,316 [Worker-169: Building] WARN  o.e.m.c.i.embedder.EclipseLogger - Using platform encoding (UTF-8 actually) to copy filtered resources, i.e. build is platform dependent!
2026-02-21 22:19:20,317 [Worker-169: Building] INFO  o.e.m.c.i.embedder.EclipseLogger - skip non existing resourceDirectory C:\Users\SCLPT 123\eclipse-workspace\Opencart\src\main\resources
2026-02-21 22:19:20,318 [Worker-169: Building] WARN  o.e.m.c.i.embedder.EclipseLogger - Using platform encoding (UTF-8 actually) to copy filtered resources, i.e. build is platform dependent!
2026-02-21 22:19:20,319 [Worker-169: Building] INFO  o.e.m.c.i.embedder.EclipseLogger - Copying 0 resource
2026-02-21 22:19:39,009 [Worker-171: Building] WARN  o.e.m.c.i.embedder.EclipseLogger - Using platform encoding (UTF-8 actually) to copy filtered resources, i.e. build is platform dependent!
2026-02-21 22:19:39,010 [Worker-171: Building] INFO  o.e.m.c.i.embedder.EclipseLogger - skip non existing resourceDirectory C:\Users\SCLPT 123\eclipse-workspace\Opencart\src\main\resources
2026-02-21 22:19:39,011 [Worker-171: Building] WARN  o.e.m.c.i.embedder.EclipseLogger - Using platform encoding (UTF-8 actually) to copy filtered resources, i.e. build is platform dependent!
2026-02-21 22:19:39,012 [Worker-171: Building] INFO  o.e.m.c.i.embedder.EclipseLogger - Copying 0 resource
2026-02-21 22:19:45,258 [Worker-169: Building] WARN  o.e.m.c.i.embedder.EclipseLogger - Using platform encoding (UTF-8 actually) to copy filtered resources, i.e. build is platform dependent!
2026-02-21 22:19:45,260 [Worker-169: Building] INFO  o.e.m.c.i.embedder.EclipseLogger - skip non existing resourceDirectory C:\Users\SCLPT 123\eclipse-workspace\Opencart\src\main\resources
2026-02-21 22:19:45,262 [Worker-169: Building] WARN  o.e.m.c.i.embedder.EclipseLogger - Using platform encoding (UTF-8 actually) to copy filtered resources, i.e. build is platform dependent!
2026-02-21 22:19:45,264 [Worker-169: Building] INFO  o.e.m.c.i.embedder.EclipseLogger - Copying 0 resource
2026-02-21 22:21:23,172 [Worker-171: Building] WARN  o.e.m.c.i.embedder.EclipseLogger - Using platform encoding (UTF-8 actually) to copy filtered resources, i.e. build is platform dependent!
2026-02-21 22:21:23,173 [Worker-171: Building] INFO  o.e.m.c.i.embedder.EclipseLogger - skip non existing resourceDirectory C:\Users\SCLPT 123\eclipse-workspace\Opencart\src\main\resources
2026-02-21 22:21:23,174 [Worker-171: Building] WARN  o.e.m.c.i.embedder.EclipseLogger - Using platform encoding (UTF-8 actually) to copy filtered resources, i.e. build is platform dependent!
2026-02-21 22:21:23,176 [Worker-171: Building] INFO  o.e.m.c.i.embedder.EclipseLogger - Copying 0 resource
2026-02-21 22:21:55,261 [Worker-171: Building] WARN  o.e.m.c.i.embedder.EclipseLogger - Using platform encoding (UTF-8 actually) to copy filtered resources, i.e. build is platform dependent!
2026-02-21 22:21:55,262 [Worker-171: Building] INFO  o.e.m.c.i.embedder.EclipseLogger - skip non existing resourceDirectory C:\Users\SCLPT 123\eclipse-workspace\Opencart\src\main\resources
2026-02-21 22:21:55,263 [Worker-171: Building] WARN  o.e.m.c.i.embedder.EclipseLogger - Using platform encoding (UTF-8 actually) to copy filtered resources, i.e. build is platform dependent!
2026-02-21 22:21:55,264 [Worker-171: Building] INFO  o.e.m.c.i.embedder.EclipseLogger - Copying 0 resource
2026-02-21 22:22:38,411 [Worker-171: Building] WARN  o.e.m.c.i.embedder.EclipseLogger - Using platform encoding (UTF-8 actually) to copy filtered resources, i.e. build is platform dependent!
2026-02-21 22:22:38,412 [Worker-171: Building] INFO  o.e.m.c.i.embedder.EclipseLogger - skip non existing resourceDirectory C:\Users\SCLPT 123\eclipse-workspace\Opencart\src\main\resources
2026-02-21 22:22:38,413 [Worker-171: Building] WARN  o.e.m.c.i.embedder.EclipseLogger - Using platform encoding (UTF-8 actually) to copy filtered resources, i.e. build is platform dependent!
2026-02-21 22:22:38,414 [Worker-171: Building] INFO  o.e.m.c.i.embedder.EclipseLogger - Copying 0 resource
2026-02-21 22:23:15,981 [Worker-159: Building] WARN  o.e.m.c.i.embedder.EclipseLogger - Using platform encoding (UTF-8 actually) to copy filtered resources, i.e. build is platform dependent!
2026-02-21 22:23:15,982 [Worker-159: Building] INFO  o.e.m.c.i.embedder.EclipseLogger - skip non existing resourceDirectory C:\Users\SCLPT 123\eclipse-workspace\Opencart\src\main\resources
2026-02-21 22:23:15,983 [Worker-159: Building] WARN  o.e.m.c.i.embedder.EclipseLogger - Using platform encoding (UTF-8 actually) to copy filtered resources, i.e. build is platform dependent!
2026-02-21 22:23:15,984 [Worker-159: Building] INFO  o.e.m.c.i.embedder.EclipseLogger - Copying 0 resource
2026-02-21 22:23:47,456 [Worker-163: Building] WARN  o.e.m.c.i.embedder.EclipseLogger - Using platform encoding (UTF-8 actually) to copy filtered resources, i.e. build is platform dependent!
2026-02-21 22:23:47,457 [Worker-163: Building] INFO  o.e.m.c.i.embedder.EclipseLogger - skip non existing resourceDirectory C:\Users\SCLPT 123\eclipse-workspace\Opencart\src\main\resources
2026-02-21 22:23:47,458 [Worker-163: Building] WARN  o.e.m.c.i.embedder.EclipseLogger - Using platform encoding (UTF-8 actually) to copy filtered resources, i.e. build is platform dependent!
2026-02-21 22:23:47,460 [Worker-163: Building] INFO  o.e.m.c.i.embedder.EclipseLogger - Copying 0 resource
2026-02-21 22:24:40,916 [Worker-171: Building] WARN  o.e.m.c.i.embedder.EclipseLogger - Using platform encoding (UTF-8 actually) to copy filtered resources, i.e. build is platform dependent!
2026-02-21 22:24:40,916 [Worker-171: Building] INFO  o.e.m.c.i.embedder.EclipseLogger - skip non existing resourceDirectory C:\Users\SCLPT 123\eclipse-workspace\Opencart\src\main\resources
2026-02-21 22:24:40,917 [Worker-171: Building] WARN  o.e.m.c.i.embedder.EclipseLogger - Using platform encoding (UTF-8 actually) to copy filtered resources, i.e. build is platform dependent!
2026-02-21 22:24:40,918 [Worker-171: Building] INFO  o.e.m.c.i.embedder.EclipseLogger - Copying 0 resource
2026-02-21 22:25:39,292 [Worker-170: Building] WARN  o.e.m.c.i.embedder.EclipseLogger - Using platform encoding (UTF-8 actually) to copy filtered resources, i.e. build is platform dependent!
2026-02-21 22:25:39,293 [Worker-170: Building] INFO  o.e.m.c.i.embedder.EclipseLogger - skip non existing resourceDirectory C:\Users\SCLPT 123\eclipse-workspace\Opencart\src\main\resources
2026-02-21 22:25:39,293 [Worker-170: Building] WARN  o.e.m.c.i.embedder.EclipseLogger - Using platform encoding (UTF-8 actually) to copy filtered resources, i.e. build is platform dependent!
2026-02-21 22:25:39,294 [Worker-170: Building] INFO  o.e.m.c.i.embedder.EclipseLogger - Copying 0 resource
2026-02-21 22:27:08,047 [Worker-159: Building] WARN  o.e.m.c.i.embedder.EclipseLogger - Using platform encoding (UTF-8 actually) to copy filtered resources, i.e. build is platform dependent!
2026-02-21 22:27:08,048 [Worker-159: Building] INFO  o.e.m.c.i.embedder.EclipseLogger - skip non existing resourceDirectory C:\Users\SCLPT 123\eclipse-workspace\Opencart\src\main\resources
2026-02-21 22:27:08,048 [Worker-159: Building] WARN  o.e.m.c.i.embedder.EclipseLogger - Using platform encoding (UTF-8 actually) to copy filtered resources, i.e. build is platform dependent!
2026-02-21 22:27:08,049 [Worker-159: Building] INFO  o.e.m.c.i.embedder.EclipseLogger - Copying 0 resource
2026-02-21 22:30:42,618 [Worker-159: Building] WARN  o.e.m.c.i.embedder.EclipseLogger - Using platform encoding (UTF-8 actually) to copy filtered resources, i.e. build is platform dependent!
2026-02-21 22:30:42,620 [Worker-159: Building] INFO  o.e.m.c.i.embedder.EclipseLogger - skip non existing resourceDirectory C:\Users\SCLPT 123\eclipse-workspace\Opencart\src\main\resources
2026-02-21 22:30:42,621 [Worker-159: Building] WARN  o.e.m.c.i.embedder.EclipseLogger - Using platform encoding (UTF-8 actually) to copy filtered resources, i.e. build is platform dependent!
2026-02-21 22:30:42,623 [Worker-159: Building] INFO  o.e.m.c.i.embedder.EclipseLogger - Copying 0 resource
2026-02-21 22:32:31,766 [Worker-172: Building] WARN  o.e.m.c.i.embedder.EclipseLogger - Using platform encoding (UTF-8 actually) to copy filtered resources, i.e. build is platform dependent!
2026-02-21 22:32:31,768 [Worker-172: Building] INFO  o.e.m.c.i.embedder.EclipseLogger - skip non existing resourceDirectory C:\Users\SCLPT 123\eclipse-workspace\Opencart\src\main\resources
2026-02-21 22:32:31,769 [Worker-172: Building] WARN  o.e.m.c.i.embedder.EclipseLogger - Using platform encoding (UTF-8 actually) to copy filtered resources, i.e. build is platform dependent!
2026-02-21 22:32:31,770 [Worker-172: Building] INFO  o.e.m.c.i.embedder.EclipseLogger - Copying 0 resource
2026-02-21 22:36:29,844 [Worker-174: Building] WARN  o.e.m.c.i.embedder.EclipseLogger - Using platform encoding (UTF-8 actually) to copy filtered resources, i.e. build is platform dependent!
2026-02-21 22:36:29,846 [Worker-174: Building] INFO  o.e.m.c.i.embedder.EclipseLogger - skip non existing resourceDirectory C:\Users\SCLPT 123\eclipse-workspace\Opencart\src\main\resources
2026-02-21 22:36:29,847 [Worker-174: Building] WARN  o.e.m.c.i.embedder.EclipseLogger - Using platform encoding (UTF-8 actually) to copy filtered resources, i.e. build is platform dependent!
2026-02-21 22:36:29,848 [Worker-174: Building] INFO  o.e.m.c.i.embedder.EclipseLogger - Copying 0 resource
2026-02-21 22:37:00,684 [Worker-174: Building] WARN  o.e.m.c.i.embedder.EclipseLogger - Using platform encoding (UTF-8 actually) to copy filtered resources, i.e. build is platform dependent!
2026-02-21 22:37:00,685 [Worker-174: Building] INFO  o.e.m.c.i.embedder.EclipseLogger - skip non existing resourceDirectory C:\Users\SCLPT 123\eclipse-workspace\Opencart\src\main\resources
2026-02-21 22:37:00,686 [Worker-174: Building] WARN  o.e.m.c.i.embedder.EclipseLogger - Using platform encoding (UTF-8 actually) to copy filtered resources, i.e. build is platform dependent!
2026-02-21 22:37:00,687 [Worker-174: Building] INFO  o.e.m.c.i.embedder.EclipseLogger - Copying 0 resource
2026-02-21 22:37:42,370 [Worker-159: Building] WARN  o.e.m.c.i.embedder.EclipseLogger - Using platform encoding (UTF-8 actually) to copy filtered resources, i.e. build is platform dependent!
2026-02-21 22:37:42,371 [Worker-159: Building] INFO  o.e.m.c.i.embedder.EclipseLogger - skip non existing resourceDirectory C:\Users\SCLPT 123\eclipse-workspace\Opencart\src\main\resources
2026-02-21 22:37:42,372 [Worker-159: Building] WARN  o.e.m.c.i.embedder.EclipseLogger - Using platform encoding (UTF-8 actually) to copy filtered resources, i.e. build is platform dependent!
2026-02-21 22:37:42,373 [Worker-159: Building] INFO  o.e.m.c.i.embedder.EclipseLogger - Copying 0 resource
2026-02-21 22:37:49,497 [Worker-174: Building] WARN  o.e.m.c.i.embedder.EclipseLogger - Using platform encoding (UTF-8 actually) to copy filtered resources, i.e. build is platform dependent!
2026-02-21 22:37:49,498 [Worker-174: Building] INFO  o.e.m.c.i.embedder.EclipseLogger - skip non existing resourceDirectory C:\Users\SCLPT 123\eclipse-workspace\Opencart\src\main\resources
2026-02-21 22:37:49,499 [Worker-174: Building] WARN  o.e.m.c.i.embedder.EclipseLogger - Using platform encoding (UTF-8 actually) to copy filtered resources, i.e. build is platform dependent!
2026-02-21 22:37:49,500 [Worker-174: Building] INFO  o.e.m.c.i.embedder.EclipseLogger - Copying 0 resource
2026-02-21 22:38:34,822 [Worker-159: Building] WARN  o.e.m.c.i.embedder.EclipseLogger - Using platform encoding (UTF-8 actually) to copy filtered resources, i.e. build is platform dependent!
2026-02-21 22:38:34,822 [Worker-159: Building] INFO  o.e.m.c.i.embedder.EclipseLogger - skip non existing resourceDirectory C:\Users\SCLPT 123\eclipse-workspace\Opencart\src\main\resources
2026-02-21 22:38:34,824 [Worker-159: Building] WARN  o.e.m.c.i.embedder.EclipseLogger - Using platform encoding (UTF-8 actually) to copy filtered resources, i.e. build is platform dependent!
2026-02-21 22:38:34,825 [Worker-159: Building] INFO  o.e.m.c.i.embedder.EclipseLogger - Copying 0 resource
2026-02-21 22:39:19,227 [Worker-175: Building] WARN  o.e.m.c.i.embedder.EclipseLogger - Using platform encoding (UTF-8 actually) to copy filtered resources, i.e. build is platform dependent!
2026-02-21 22:39:19,228 [Worker-175: Building] INFO  o.e.m.c.i.embedder.EclipseLogger - skip non existing resourceDirectory C:\Users\SCLPT 123\eclipse-workspace\Opencart\src\main\resources
2026-02-21 22:39:19,229 [Worker-175: Building] WARN  o.e.m.c.i.embedder.EclipseLogger - Using platform encoding (UTF-8 actually) to copy filtered resources, i.e. build is platform dependent!
2026-02-21 22:39:19,231 [Worker-175: Building] INFO  o.e.m.c.i.embedder.EclipseLogger - Copying 0 resource
2026-02-21 22:43:31,855 [Worker-174: Building] WARN  o.e.m.c.i.embedder.EclipseLogger - Using platform encoding (UTF-8 actually) to copy filtered resources, i.e. build is platform dependent!
2026-02-21 22:43:31,857 [Worker-174: Building] INFO  o.e.m.c.i.embedder.EclipseLogger - skip non existing resourceDirectory C:\Users\SCLPT 123\eclipse-workspace\Opencart\src\main\resources
2026-02-21 22:43:31,858 [Worker-174: Building] WARN  o.e.m.c.i.embedder.EclipseLogger - Using platform encoding (UTF-8 actually) to copy filtered resources, i.e. build is platform dependent!
2026-02-21 22:43:31,858 [Worker-174: Building] INFO  o.e.m.c.i.embedder.EclipseLogger - Copying 0 resource
2026-02-21 22:44:13,449 [Worker-174: Building] WARN  o.e.m.c.i.embedder.EclipseLogger - Using platform encoding (UTF-8 actually) to copy filtered resources, i.e. build is platform dependent!
2026-02-21 22:44:13,453 [Worker-174: Building] INFO  o.e.m.c.i.embedder.EclipseLogger - skip non existing resourceDirectory C:\Users\SCLPT 123\eclipse-workspace\Opencart\src\main\resources
2026-02-21 22:44:13,453 [Worker-174: Building] WARN  o.e.m.c.i.embedder.EclipseLogger - Using platform encoding (UTF-8 actually) to copy filtered resources, i.e. build is platform dependent!
2026-02-21 22:44:13,455 [Worker-174: Building] INFO  o.e.m.c.i.embedder.EclipseLogger - Copying 0 resource
2026-02-21 22:44:19,469 [Worker-159: Building] WARN  o.e.m.c.i.embedder.EclipseLogger - Using platform encoding (UTF-8 actually) to copy filtered resources, i.e. build is platform dependent!
2026-02-21 22:44:19,471 [Worker-159: Building] INFO  o.e.m.c.i.embedder.EclipseLogger - skip non existing resourceDirectory C:\Users\SCLPT 123\eclipse-workspace\Opencart\src\main\resources
2026-02-21 22:44:19,471 [Worker-159: Building] WARN  o.e.m.c.i.embedder.EclipseLogger - Using platform encoding (UTF-8 actually) to copy filtered resources, i.e. build is platform dependent!
2026-02-21 22:44:19,473 [Worker-159: Building] INFO  o.e.m.c.i.embedder.EclipseLogger - Copying 0 resource
2026-02-21 22:44:39,356 [Worker-174: Building] WARN  o.e.m.c.i.embedder.EclipseLogger - Using platform encoding (UTF-8 actually) to copy filtered resources, i.e. build is platform dependent!
2026-02-21 22:44:39,357 [Worker-174: Building] INFO  o.e.m.c.i.embedder.EclipseLogger - skip non existing resourceDirectory C:\Users\SCLPT 123\eclipse-workspace\Opencart\src\main\resources
2026-02-21 22:44:39,358 [Worker-174: Building] WARN  o.e.m.c.i.embedder.EclipseLogger - Using platform encoding (UTF-8 actually) to copy filtered resources, i.e. build is platform dependent!
2026-02-21 22:44:39,359 [Worker-174: Building] INFO  o.e.m.c.i.embedder.EclipseLogger - Copying 0 resource
2026-02-21 22:45:37,268 [Worker-175: Building] WARN  o.e.m.c.i.embedder.EclipseLogger - Using platform encoding (UTF-8 actually) to copy filtered resources, i.e. build is platform dependent!
2026-02-21 22:45:37,271 [Worker-175: Building] INFO  o.e.m.c.i.embedder.EclipseLogger - skip non existing resourceDirectory C:\Users\SCLPT 123\eclipse-workspace\Opencart\src\main\resources
2026-02-21 22:45:37,271 [Worker-175: Building] WARN  o.e.m.c.i.embedder.EclipseLogger - Using platform encoding (UTF-8 actually) to copy filtered resources, i.e. build is platform dependent!
2026-02-21 22:45:37,272 [Worker-175: Building] INFO  o.e.m.c.i.embedder.EclipseLogger - Copying 0 resource
2026-02-21 22:45:47,377 [Worker-159: Building] WARN  o.e.m.c.i.embedder.EclipseLogger - Using platform encoding (UTF-8 actually) to copy filtered resources, i.e. build is platform dependent!
2026-02-21 22:45:47,379 [Worker-159: Building] INFO  o.e.m.c.i.embedder.EclipseLogger - skip non existing resourceDirectory C:\Users\SCLPT 123\eclipse-workspace\Opencart\src\main\resources
2026-02-21 22:45:47,380 [Worker-159: Building] WARN  o.e.m.c.i.embedder.EclipseLogger - Using platform encoding (UTF-8 actually) to copy filtered resources, i.e. build is platform dependent!
2026-02-21 22:45:47,382 [Worker-159: Building] INFO  o.e.m.c.i.embedder.EclipseLogger - Copying 0 resource
2026-02-21 22:46:10,870 [Worker-159: Building] WARN  o.e.m.c.i.embedder.EclipseLogger - Using platform encoding (UTF-8 actually) to copy filtered resources, i.e. build is platform dependent!
2026-02-21 22:46:10,871 [Worker-159: Building] INFO  o.e.m.c.i.embedder.EclipseLogger - skip non existing resourceDirectory C:\Users\SCLPT 123\eclipse-workspace\Opencart\src\main\resources
2026-02-21 22:46:10,871 [Worker-159: Building] WARN  o.e.m.c.i.embedder.EclipseLogger - Using platform encoding (UTF-8 actually) to copy filtered resources, i.e. build is platform dependent!
2026-02-21 22:46:10,873 [Worker-159: Building] INFO  o.e.m.c.i.embedder.EclipseLogger - Copying 0 resource
2026-02-21 22:50:23,611 [Worker-171: Building] WARN  o.e.m.c.i.embedder.EclipseLogger - Using platform encoding (UTF-8 actually) to copy filtered resources, i.e. build is platform dependent!
2026-02-21 22:50:23,612 [Worker-171: Building] INFO  o.e.m.c.i.embedder.EclipseLogger - skip non existing resourceDirectory C:\Users\SCLPT 123\eclipse-workspace\Opencart\src\main\resources
2026-02-21 22:50:23,613 [Worker-171: Building] WARN  o.e.m.c.i.embedder.EclipseLogger - Using platform encoding (UTF-8 actually) to copy filtered resources, i.e. build is platform dependent!
2026-02-21 22:50:23,614 [Worker-171: Building] INFO  o.e.m.c.i.embedder.EclipseLogger - Copying 0 resource
2026-02-21 22:59:16,376 [Worker-176: Building] WARN  o.e.m.c.i.embedder.EclipseLogger - Using platform encoding (UTF-8 actually) to copy filtered resources, i.e. build is platform dependent!
2026-02-21 22:59:16,378 [Worker-176: Building] INFO  o.e.m.c.i.embedder.EclipseLogger - skip non existing resourceDirectory C:\Users\SCLPT 123\eclipse-workspace\Opencart\src\main\resources
2026-02-21 22:59:16,379 [Worker-176: Building] WARN  o.e.m.c.i.embedder.EclipseLogger - Using platform encoding (UTF-8 actually) to copy filtered resources, i.e. build is platform dependent!
2026-02-21 22:59:16,380 [Worker-176: Building] INFO  o.e.m.c.i.embedder.EclipseLogger - Copying 0 resource
2026-02-21 22:59:37,329 [Worker-171: Building] WARN  o.e.m.c.i.embedder.EclipseLogger - Using platform encoding (UTF-8 actually) to copy filtered resources, i.e. build is platform dependent!
2026-02-21 22:59:37,331 [Worker-171: Building] INFO  o.e.m.c.i.embedder.EclipseLogger - skip non existing resourceDirectory C:\Users\SCLPT 123\eclipse-workspace\Opencart\src\main\resources
2026-02-21 22:59:37,373 [Worker-171: Building] WARN  o.e.m.c.i.embedder.EclipseLogger - Using platform encoding (UTF-8 actually) to copy filtered resources, i.e. build is platform dependent!
2026-02-21 22:59:37,374 [Worker-171: Building] INFO  o.e.m.c.i.embedder.EclipseLogger - Copying 0 resource
2026-02-21 22:59:49,264 [Worker-171: Building] WARN  o.e.m.c.i.embedder.EclipseLogger - Using platform encoding (UTF-8 actually) to copy filtered resources, i.e. build is platform dependent!
2026-02-21 22:59:49,265 [Worker-171: Building] INFO  o.e.m.c.i.embedder.EclipseLogger - skip non existing resourceDirectory C:\Users\SCLPT 123\eclipse-workspace\Opencart\src\main\resources
2026-02-21 22:59:49,266 [Worker-171: Building] WARN  o.e.m.c.i.embedder.EclipseLogger - Using platform encoding (UTF-8 actually) to copy filtered resources, i.e. build is platform dependent!
2026-02-21 22:59:49,268 [Worker-171: Building] INFO  o.e.m.c.i.embedder.EclipseLogger - Copying 0 resource
2026-02-21 22:59:52,663 [Worker-176: Building] WARN  o.e.m.c.i.embedder.EclipseLogger - Using platform encoding (UTF-8 actually) to copy filtered resources, i.e. build is platform dependent!
2026-02-21 22:59:52,664 [Worker-176: Building] INFO  o.e.m.c.i.embedder.EclipseLogger - skip non existing resourceDirectory C:\Users\SCLPT 123\eclipse-workspace\Opencart\src\main\resources
2026-02-21 22:59:52,665 [Worker-176: Building] WARN  o.e.m.c.i.embedder.EclipseLogger - Using platform encoding (UTF-8 actually) to copy filtered resources, i.e. build is platform dependent!
2026-02-21 22:59:52,666 [Worker-176: Building] INFO  o.e.m.c.i.embedder.EclipseLogger - Copying 0 resource
2026-02-21 23:12:59,972 [Worker-184: Building] WARN  o.e.m.c.i.embedder.EclipseLogger - Using platform encoding (UTF-8 actually) to copy filtered resources, i.e. build is platform dependent!
2026-02-21 23:12:59,974 [Worker-184: Building] INFO  o.e.m.c.i.embedder.EclipseLogger - skip non existing resourceDirectory C:\Users\SCLPT 123\eclipse-workspace\Opencart\src\main\resources
2026-02-21 23:12:59,975 [Worker-184: Building] WARN  o.e.m.c.i.embedder.EclipseLogger - Using platform encoding (UTF-8 actually) to copy filtered resources, i.e. build is platform dependent!
2026-02-21 23:12:59,976 [Worker-184: Building] INFO  o.e.m.c.i.embedder.EclipseLogger - Copying 0 resource
2026-02-21 23:14:19,462 [Worker-183: Building] WARN  o.e.m.c.i.embedder.EclipseLogger - Using platform encoding (UTF-8 actually) to copy filtered resources, i.e. build is platform dependent!
2026-02-21 23:14:19,462 [Worker-183: Building] INFO  o.e.m.c.i.embedder.EclipseLogger - skip non existing resourceDirectory C:\Users\SCLPT 123\eclipse-workspace\Opencart\src\main\resources
2026-02-21 23:14:19,470 [Worker-183: Building] WARN  o.e.m.c.i.embedder.EclipseLogger - Using platform encoding (UTF-8 actually) to copy filtered resources, i.e. build is platform dependent!
2026-02-21 23:14:19,471 [Worker-183: Building] INFO  o.e.m.c.i.embedder.EclipseLogger - Copying 0 resource
2026-02-21 23:14:47,093 [Worker-188: Building] WARN  o.e.m.c.i.embedder.EclipseLogger - Using platform encoding (UTF-8 actually) to copy filtered resources, i.e. build is platform dependent!
2026-02-21 23:14:47,094 [Worker-188: Building] INFO  o.e.m.c.i.embedder.EclipseLogger - skip non existing resourceDirectory C:\Users\SCLPT 123\eclipse-workspace\Opencart\src\main\resources
2026-02-21 23:14:47,096 [Worker-188: Building] WARN  o.e.m.c.i.embedder.EclipseLogger - Using platform encoding (UTF-8 actually) to copy filtered resources, i.e. build is platform dependent!
2026-02-21 23:14:47,098 [Worker-188: Building] INFO  o.e.m.c.i.embedder.EclipseLogger - Copying 0 resource
2026-02-21 23:46:16,576 [Worker-193: Building] WARN  o.e.m.c.i.embedder.EclipseLogger - Using platform encoding (UTF-8 actually) to copy filtered resources, i.e. build is platform dependent!
2026-02-21 23:46:16,580 [Worker-193: Building] INFO  o.e.m.c.i.embedder.EclipseLogger - skip non existing resourceDirectory C:\Users\SCLPT 123\eclipse-workspace\Opencart\src\main\resources
2026-02-21 23:46:16,582 [Worker-193: Building] WARN  o.e.m.c.i.embedder.EclipseLogger - Using platform encoding (UTF-8 actually) to copy filtered resources, i.e. build is platform dependent!
2026-02-21 23:46:16,583 [Worker-193: Building] INFO  o.e.m.c.i.embedder.EclipseLogger - Copying 0 resource
2026-02-21 23:47:29,163 [Worker-192: Building] WARN  o.e.m.c.i.embedder.EclipseLogger - Using platform encoding (UTF-8 actually) to copy filtered resources, i.e. build is platform dependent!
2026-02-21 23:47:29,163 [Worker-192: Building] INFO  o.e.m.c.i.embedder.EclipseLogger - skip non existing resourceDirectory C:\Users\SCLPT 123\eclipse-workspace\Opencart\src\main\resources
2026-02-21 23:47:29,164 [Worker-192: Building] WARN  o.e.m.c.i.embedder.EclipseLogger - Using platform encoding (UTF-8 actually) to copy filtered resources, i.e. build is platform dependent!
2026-02-21 23:47:29,165 [Worker-192: Building] INFO  o.e.m.c.i.embedder.EclipseLogger - Copying 0 resource
2026-02-21 23:54:23,711 [Worker-195: Building] WARN  o.e.m.c.i.embedder.EclipseLogger - Using platform encoding (UTF-8 actually) to copy filtered resources, i.e. build is platform dependent!
2026-02-21 23:54:23,712 [Worker-195: Building] INFO  o.e.m.c.i.embedder.EclipseLogger - skip non existing resourceDirectory C:\Users\SCLPT 123\eclipse-workspace\Opencart\src\main\resources
2026-02-21 23:54:23,713 [Worker-195: Building] WARN  o.e.m.c.i.embedder.EclipseLogger - Using platform encoding (UTF-8 actually) to copy filtered resources, i.e. build is platform dependent!
2026-02-21 23:54:23,714 [Worker-195: Building] INFO  o.e.m.c.i.embedder.EclipseLogger - Copying 0 resource
2026-02-21 23:58:41,497 [Worker-199: Building] WARN  o.e.m.c.i.embedder.EclipseLogger - Using platform encoding (UTF-8 actually) to copy filtered resources, i.e. build is platform dependent!
2026-02-21 23:58:41,498 [Worker-199: Building] INFO  o.e.m.c.i.embedder.EclipseLogger - skip non existing resourceDirectory C:\Users\SCLPT 123\eclipse-workspace\Opencart\src\main\resources
2026-02-21 23:58:41,499 [Worker-199: Building] WARN  o.e.m.c.i.embedder.EclipseLogger - Using platform encoding (UTF-8 actually) to copy filtered resources, i.e. build is platform dependent!
2026-02-21 23:58:41,500 [Worker-199: Building] INFO  o.e.m.c.i.embedder.EclipseLogger - Copying 0 resource
2026-02-21 23:59:18,955 [Worker-196: Building] WARN  o.e.m.c.i.embedder.EclipseLogger - Using platform encoding (UTF-8 actually) to copy filtered resources, i.e. build is platform dependent!
2026-02-21 23:59:18,956 [Worker-196: Building] INFO  o.e.m.c.i.embedder.EclipseLogger - skip non existing resourceDirectory C:\Users\SCLPT 123\eclipse-workspace\Opencart\src\main\resources
2026-02-21 23:59:18,956 [Worker-196: Building] WARN  o.e.m.c.i.embedder.EclipseLogger - Using platform encoding (UTF-8 actually) to copy filtered resources, i.e. build is platform dependent!
2026-02-21 23:59:18,957 [Worker-196: Building] INFO  o.e.m.c.i.embedder.EclipseLogger - Copying 0 resource
2026-02-21 23:59:23,475 [Worker-199: Building] WARN  o.e.m.c.i.embedder.EclipseLogger - Using platform encoding (UTF-8 actually) to copy filtered resources, i.e. build is platform dependent!
2026-02-21 23:59:23,476 [Worker-199: Building] INFO  o.e.m.c.i.embedder.EclipseLogger - skip non existing resourceDirectory C:\Users\SCLPT 123\eclipse-workspace\Opencart\src\main\resources
2026-02-21 23:59:23,476 [Worker-199: Building] WARN  o.e.m.c.i.embedder.EclipseLogger - Using platform encoding (UTF-8 actually) to copy filtered resources, i.e. build is platform dependent!
2026-02-21 23:59:23,477 [Worker-199: Building] INFO  o.e.m.c.i.embedder.EclipseLogger - Copying 0 resource
2026-02-22 00:00:13,317 [Worker-198: Building] WARN  o.e.m.c.i.embedder.EclipseLogger - Using platform encoding (UTF-8 actually) to copy filtered resources, i.e. build is platform dependent!
2026-02-22 00:00:13,318 [Worker-198: Building] INFO  o.e.m.c.i.embedder.EclipseLogger - skip non existing resourceDirectory C:\Users\SCLPT 123\eclipse-workspace\Opencart\src\main\resources
2026-02-22 00:00:13,319 [Worker-198: Building] WARN  o.e.m.c.i.embedder.EclipseLogger - Using platform encoding (UTF-8 actually) to copy filtered resources, i.e. build is platform dependent!
2026-02-22 00:00:13,321 [Worker-198: Building] INFO  o.e.m.c.i.embedder.EclipseLogger - Copying 0 resource
2026-02-22 11:23:12,387 [Worker-198: Building] WARN  o.e.m.c.i.embedder.EclipseLogger - Using platform encoding (UTF-8 actually) to copy filtered resources, i.e. build is platform dependent!
2026-02-22 11:23:12,424 [Worker-198: Building] INFO  o.e.m.c.i.embedder.EclipseLogger - skip non existing resourceDirectory C:\Users\SCLPT 123\eclipse-workspace\Opencart\src\main\resources
2026-02-22 11:23:12,429 [Worker-198: Building] WARN  o.e.m.c.i.embedder.EclipseLogger - Using platform encoding (UTF-8 actually) to copy filtered resources, i.e. build is platform dependent!
2026-02-22 11:23:12,438 [Worker-198: Building] INFO  o.e.m.c.i.embedder.EclipseLogger - Copying 0 resource
2026-02-22 14:24:46,020 [Worker-209: Building] WARN  o.e.m.c.i.embedder.EclipseLogger - Using platform encoding (UTF-8 actually) to copy filtered resources, i.e. build is platform dependent!
2026-02-22 14:24:46,045 [Worker-209: Building] INFO  o.e.m.c.i.embedder.EclipseLogger - skip non existing resourceDirectory C:\Users\SCLPT 123\eclipse-workspace\Opencart\src\main\resources
2026-02-22 14:24:46,046 [Worker-209: Building] WARN  o.e.m.c.i.embedder.EclipseLogger - Using platform encoding (UTF-8 actually) to copy filtered resources, i.e. build is platform dependent!
2026-02-22 14:24:46,057 [Worker-209: Building] INFO  o.e.m.c.i.embedder.EclipseLogger - Copying 0 resource
2026-02-22 14:26:34,774 [Worker-210: Building] WARN  o.e.m.c.i.embedder.EclipseLogger - Using platform encoding (UTF-8 actually) to copy filtered resources, i.e. build is platform dependent!
2026-02-22 14:26:34,775 [Worker-210: Building] INFO  o.e.m.c.i.embedder.EclipseLogger - skip non existing resourceDirectory C:\Users\SCLPT 123\eclipse-workspace\Opencart\src\main\resources
2026-02-22 14:26:34,776 [Worker-210: Building] WARN  o.e.m.c.i.embedder.EclipseLogger - Using platform encoding (UTF-8 actually) to copy filtered resources, i.e. build is platform dependent!
2026-02-22 14:26:34,776 [Worker-210: Building] INFO  o.e.m.c.i.embedder.EclipseLogger - Copying 0 resource
2026-02-22 14:28:02,735 [Worker-213: Building] WARN  o.e.m.c.i.embedder.EclipseLogger - Using platform encoding (UTF-8 actually) to copy filtered resources, i.e. build is platform dependent!
2026-02-22 14:28:02,736 [Worker-213: Building] INFO  o.e.m.c.i.embedder.EclipseLogger - skip non existing resourceDirectory C:\Users\SCLPT 123\eclipse-workspace\Opencart\src\main\resources
2026-02-22 14:28:02,736 [Worker-213: Building] WARN  o.e.m.c.i.embedder.EclipseLogger - Using platform encoding (UTF-8 actually) to copy filtered resources, i.e. build is platform dependent!
2026-02-22 14:28:02,737 [Worker-213: Building] INFO  o.e.m.c.i.embedder.EclipseLogger - Copying 0 resource
2026-02-22 14:29:08,555 [Worker-210: Building] WARN  o.e.m.c.i.embedder.EclipseLogger - Using platform encoding (UTF-8 actually) to copy filtered resources, i.e. build is platform dependent!
2026-02-22 14:29:08,556 [Worker-210: Building] INFO  o.e.m.c.i.embedder.EclipseLogger - skip non existing resourceDirectory C:\Users\SCLPT 123\eclipse-workspace\Opencart\src\main\resources
2026-02-22 14:29:08,557 [Worker-210: Building] WARN  o.e.m.c.i.embedder.EclipseLogger - Using platform encoding (UTF-8 actually) to copy filtered resources, i.e. build is platform dependent!
2026-02-22 14:29:08,558 [Worker-210: Building] INFO  o.e.m.c.i.embedder.EclipseLogger - Copying 0 resource
2026-02-22 14:29:25,723 [Worker-212: Building] WARN  o.e.m.c.i.embedder.EclipseLogger - Using platform encoding (UTF-8 actually) to copy filtered resources, i.e. build is platform dependent!
2026-02-22 14:29:25,724 [Worker-212: Building] INFO  o.e.m.c.i.embedder.EclipseLogger - skip non existing resourceDirectory C:\Users\SCLPT 123\eclipse-workspace\Opencart\src\main\resources
2026-02-22 14:29:25,725 [Worker-212: Building] WARN  o.e.m.c.i.embedder.EclipseLogger - Using platform encoding (UTF-8 actually) to copy filtered resources, i.e. build is platform dependent!
2026-02-22 14:29:25,726 [Worker-212: Building] INFO  o.e.m.c.i.embedder.EclipseLogger - Copying 0 resource
2026-02-22 14:29:49,202 [Worker-210: Building] WARN  o.e.m.c.i.embedder.EclipseLogger - Using platform encoding (UTF-8 actually) to copy filtered resources, i.e. build is platform dependent!
2026-02-22 14:29:49,204 [Worker-210: Building] INFO  o.e.m.c.i.embedder.EclipseLogger - skip non existing resourceDirectory C:\Users\SCLPT 123\eclipse-workspace\Opencart\src\main\resources
2026-02-22 14:29:49,205 [Worker-210: Building] WARN  o.e.m.c.i.embedder.EclipseLogger - Using platform encoding (UTF-8 actually) to copy filtered resources, i.e. build is platform dependent!
2026-02-22 14:29:49,208 [Worker-210: Building] INFO  o.e.m.c.i.embedder.EclipseLogger - Copying 0 resource
2026-02-22 15:04:16,684 [Worker-214: Building] WARN  o.e.m.c.i.embedder.EclipseLogger - Using platform encoding (UTF-8 actually) to copy filtered resources, i.e. build is platform dependent!
2026-02-22 15:04:16,688 [Worker-214: Building] INFO  o.e.m.c.i.embedder.EclipseLogger - skip non existing resourceDirectory C:\Users\SCLPT 123\eclipse-workspace\Opencart\src\main\resources
2026-02-22 15:04:16,689 [Worker-214: Building] WARN  o.e.m.c.i.embedder.EclipseLogger - Using platform encoding (UTF-8 actually) to copy filtered resources, i.e. build is platform dependent!
2026-02-22 15:04:16,691 [Worker-214: Building] INFO  o.e.m.c.i.embedder.EclipseLogger - Copying 0 resource
2026-02-22 15:05:34,045 [Worker-216: Building] WARN  o.e.m.c.i.embedder.EclipseLogger - Using platform encoding (UTF-8 actually) to copy filtered resources, i.e. build is platform dependent!
2026-02-22 15:05:34,046 [Worker-216: Building] INFO  o.e.m.c.i.embedder.EclipseLogger - skip non existing resourceDirectory C:\Users\SCLPT 123\eclipse-workspace\Opencart\src\main\resources
2026-02-22 15:05:34,047 [Worker-216: Building] WARN  o.e.m.c.i.embedder.EclipseLogger - Using platform encoding (UTF-8 actually) to copy filtered resources, i.e. build is platform dependent!
2026-02-22 15:05:34,048 [Worker-216: Building] INFO  o.e.m.c.i.embedder.EclipseLogger - Copying 0 resource
2026-02-22 15:05:59,351 [Worker-214: Building] WARN  o.e.m.c.i.embedder.EclipseLogger - Using platform encoding (UTF-8 actually) to copy filtered resources, i.e. build is platform dependent!
2026-02-22 15:05:59,352 [Worker-214: Building] INFO  o.e.m.c.i.embedder.EclipseLogger - skip non existing resourceDirectory C:\Users\SCLPT 123\eclipse-workspace\Opencart\src\main\resources
2026-02-22 15:05:59,353 [Worker-214: Building] WARN  o.e.m.c.i.embedder.EclipseLogger - Using platform encoding (UTF-8 actually) to copy filtered resources, i.e. build is platform dependent!
2026-02-22 15:05:59,354 [Worker-214: Building] INFO  o.e.m.c.i.embedder.EclipseLogger - Copying 0 resource
2026-02-22 15:07:02,428 [Worker-213: Building] WARN  o.e.m.c.i.embedder.EclipseLogger - Using platform encoding (UTF-8 actually) to copy filtered resources, i.e. build is platform dependent!
2026-02-22 15:07:02,429 [Worker-213: Building] INFO  o.e.m.c.i.embedder.EclipseLogger - skip non existing resourceDirectory C:\Users\SCLPT 123\eclipse-workspace\Opencart\src\main\resources
2026-02-22 15:07:02,430 [Worker-213: Building] WARN  o.e.m.c.i.embedder.EclipseLogger - Using platform encoding (UTF-8 actually) to copy filtered resources, i.e. build is platform dependent!
2026-02-22 15:07:02,431 [Worker-213: Building] INFO  o.e.m.c.i.embedder.EclipseLogger - Copying 0 resource
2026-02-22 15:07:20,852 [Worker-215: Building] WARN  o.e.m.c.i.embedder.EclipseLogger - Using platform encoding (UTF-8 actually) to copy filtered resources, i.e. build is platform dependent!
2026-02-22 15:07:20,853 [Worker-215: Building] INFO  o.e.m.c.i.embedder.EclipseLogger - skip non existing resourceDirectory C:\Users\SCLPT 123\eclipse-workspace\Opencart\src\main\resources
2026-02-22 15:07:20,854 [Worker-215: Building] WARN  o.e.m.c.i.embedder.EclipseLogger - Using platform encoding (UTF-8 actually) to copy filtered resources, i.e. build is platform dependent!
2026-02-22 15:07:20,855 [Worker-215: Building] INFO  o.e.m.c.i.embedder.EclipseLogger - Copying 0 resource
2026-02-22 15:08:08,568 [Worker-216: Building] WARN  o.e.m.c.i.embedder.EclipseLogger - Using platform encoding (UTF-8 actually) to copy filtered resources, i.e. build is platform dependent!
2026-02-22 15:08:08,569 [Worker-216: Building] INFO  o.e.m.c.i.embedder.EclipseLogger - skip non existing resourceDirectory C:\Users\SCLPT 123\eclipse-workspace\Opencart\src\main\resources
2026-02-22 15:08:08,569 [Worker-216: Building] WARN  o.e.m.c.i.embedder.EclipseLogger - Using platform encoding (UTF-8 actually) to copy filtered resources, i.e. build is platform dependent!
2026-02-22 15:08:08,570 [Worker-216: Building] INFO  o.e.m.c.i.embedder.EclipseLogger - Copying 0 resource
2026-02-22 18:44:40,580 [Worker-222: Building] WARN  o.e.m.c.i.embedder.EclipseLogger - Using platform encoding (UTF-8 actually) to copy filtered resources, i.e. build is platform dependent!
2026-02-22 18:44:40,611 [Worker-222: Building] INFO  o.e.m.c.i.embedder.EclipseLogger - skip non existing resourceDirectory C:\Users\SCLPT 123\eclipse-workspace\Opencart\src\main\resources
2026-02-22 18:44:40,613 [Worker-222: Building] WARN  o.e.m.c.i.embedder.EclipseLogger - Using platform encoding (UTF-8 actually) to copy filtered resources, i.e. build is platform dependent!
2026-02-22 18:44:40,621 [Worker-222: Building] INFO  o.e.m.c.i.embedder.EclipseLogger - Copying 0 resource
2026-02-22 18:44:59,480 [Worker-225: Building] WARN  o.e.m.c.i.embedder.EclipseLogger - Using platform encoding (UTF-8 actually) to copy filtered resources, i.e. build is platform dependent!
2026-02-22 18:44:59,481 [Worker-225: Building] INFO  o.e.m.c.i.embedder.EclipseLogger - skip non existing resourceDirectory C:\Users\SCLPT 123\eclipse-workspace\Opencart\src\main\resources
2026-02-22 18:44:59,482 [Worker-225: Building] WARN  o.e.m.c.i.embedder.EclipseLogger - Using platform encoding (UTF-8 actually) to copy filtered resources, i.e. build is platform dependent!
2026-02-22 18:44:59,483 [Worker-225: Building] INFO  o.e.m.c.i.embedder.EclipseLogger - Copying 0 resource
2026-02-22 18:45:21,219 [Worker-220: Building] WARN  o.e.m.c.i.embedder.EclipseLogger - Using platform encoding (UTF-8 actually) to copy filtered resources, i.e. build is platform dependent!
2026-02-22 18:45:21,221 [Worker-220: Building] INFO  o.e.m.c.i.embedder.EclipseLogger - skip non existing resourceDirectory C:\Users\SCLPT 123\eclipse-workspace\Opencart\src\main\resources
2026-02-22 18:45:21,222 [Worker-220: Building] WARN  o.e.m.c.i.embedder.EclipseLogger - Using platform encoding (UTF-8 actually) to copy filtered resources, i.e. build is platform dependent!
2026-02-22 18:45:21,223 [Worker-220: Building] INFO  o.e.m.c.i.embedder.EclipseLogger - Copying 0 resource
2026-02-22 18:49:00,918 [Worker-226: Building] WARN  o.e.m.c.i.embedder.EclipseLogger - Using platform encoding (UTF-8 actually) to copy filtered resources, i.e. build is platform dependent!
2026-02-22 18:49:00,920 [Worker-226: Building] INFO  o.e.m.c.i.embedder.EclipseLogger - skip non existing resourceDirectory C:\Users\SCLPT 123\eclipse-workspace\Opencart\src\main\resources
2026-02-22 18:49:00,920 [Worker-226: Building] WARN  o.e.m.c.i.embedder.EclipseLogger - Using platform encoding (UTF-8 actually) to copy filtered resources, i.e. build is platform dependent!
2026-02-22 18:49:00,921 [Worker-226: Building] INFO  o.e.m.c.i.embedder.EclipseLogger - Copying 0 resource
2026-02-22 18:49:12,304 [Worker-227: Building] WARN  o.e.m.c.i.embedder.EclipseLogger - Using platform encoding (UTF-8 actually) to copy filtered resources, i.e. build is platform dependent!
2026-02-22 18:49:12,305 [Worker-227: Building] INFO  o.e.m.c.i.embedder.EclipseLogger - skip non existing resourceDirectory C:\Users\SCLPT 123\eclipse-workspace\Opencart\src\main\resources
2026-02-22 18:49:12,305 [Worker-227: Building] WARN  o.e.m.c.i.embedder.EclipseLogger - Using platform encoding (UTF-8 actually) to copy filtered resources, i.e. build is platform dependent!
2026-02-22 18:49:12,306 [Worker-227: Building] INFO  o.e.m.c.i.embedder.EclipseLogger - Copying 0 resource
2026-02-22 19:10:36,827 [Worker-249: Updating Maven Project] INFO  o.e.m.c.i.p.ProjectConfigurationManager - Update started
2026-02-22 19:10:37,878 [Worker-249: Updating Maven Project] INFO  o.e.m.c.i.l.LifecycleMappingFactory - Using org.eclipse.m2e.jdt.JarLifecycleMapping lifecycle mapping for MavenProject: Opencart:Opencart:0.0.1-SNAPSHOT @ C:\Users\SCLPT 123\eclipse-workspace\Opencart\pom.xml.
2026-02-22 19:10:38,737 [Worker-249: Updating Maven Project] INFO  o.e.m.c.i.l.LifecycleMappingFactory - Using org.eclipse.m2e.jdt.JarLifecycleMapping lifecycle mapping for MavenProject: PetStoreAutomation:PetStoreAutomation:0.0.1-SNAPSHOT @ C:\Users\SCLPT 123\eclipse-workspace\PetStoreAutomation\pom.xml.
2026-02-22 19:10:39,379 [Worker-249: Updating Maven Project] INFO  o.e.m.c.i.e.AbstractTransferListenerAdapter - Downloaded https://repo.maven.apache.org/maven2/com/github/scribejava/scribejava-apis/9.1.0/scribejava-apis-9.1.0.pom
2026-02-22 19:10:39,384 [Worker-249: Updating Maven Project] WARN  o.e.m.c.i.embedder.EclipseLogger - The POM for com.github.scribejava:scribejava-apis:jar:9.1.0 is missing, no dependency information available
2026-02-22 19:10:40,023 [Worker-249: Updating Maven Project] INFO  o.e.m.c.i.e.AbstractTransferListenerAdapter - Downloaded https://repo.maven.apache.org/maven2/com/github/scribejava/scribejava-apis/9.1.0/scribejava-apis-9.1.0.jar
2026-02-22 19:10:40,961 [Worker-249: Updating Maven Project] INFO  o.e.m.j.i.AbstractJavaProjectConfigurator - Adding source folder /Opencart/src/main/java
2026-02-22 19:10:40,963 [Worker-249: Updating Maven Project] INFO  o.e.m.j.i.AbstractJavaProjectConfigurator - Adding source folder /Opencart/src/test/java
2026-02-22 19:10:40,963 [Worker-249: Updating Maven Project] INFO  o.e.m.j.i.AbstractJavaProjectConfigurator - Adding resource folder /Opencart/src/test/resources
2026-02-22 19:10:42,053 [Worker-249: Updating Maven Project] INFO  o.e.m.c.i.p.ProjectConfigurationManager - Update completed: 5 sec
2026-02-22 19:10:42,762 [Worker-251: Building] WARN  o.e.m.c.i.embedder.EclipseLogger - Using platform encoding (UTF-8 actually) to copy filtered resources, i.e. build is platform dependent!
2026-02-22 19:10:42,764 [Worker-251: Building] INFO  o.e.m.c.i.embedder.EclipseLogger - skip non existing resourceDirectory C:\Users\SCLPT 123\eclipse-workspace\Opencart\src\main\resources
2026-02-22 19:10:42,769 [Worker-251: Building] WARN  o.e.m.c.i.embedder.EclipseLogger - Using platform encoding (UTF-8 actually) to copy filtered resources, i.e. build is platform dependent!
2026-02-22 19:10:42,770 [Worker-251: Building] INFO  o.e.m.c.i.embedder.EclipseLogger - Copying 0 resource
2026-02-22 19:10:42,849 [Worker-251: Building] WARN  o.e.m.c.i.embedder.EclipseLogger - The POM for com.github.scribejava:scribejava-apis:jar:9.1.0 is missing, no dependency information available
2026-02-22 19:10:43,221 [Worker-251: Building] WARN  o.e.m.c.i.embedder.EclipseLogger - Using platform encoding (UTF-8 actually) to copy filtered resources, i.e. build is platform dependent!
2026-02-22 19:10:43,227 [Worker-251: Building] INFO  o.e.m.c.i.embedder.EclipseLogger - Copying 0 resource
2026-02-22 19:10:43,231 [Worker-251: Building] WARN  o.e.m.c.i.embedder.EclipseLogger - Using platform encoding (UTF-8 actually) to copy filtered resources, i.e. build is platform dependent!
2026-02-22 19:10:43,236 [Worker-251: Building] INFO  o.e.m.c.i.embedder.EclipseLogger - Copying 0 resource
2026-02-22 19:36:54,523 [Worker-1: Loading available Gradle versions] INFO  o.e.b.c.i.u.g.PublishedGradleVersions - Gradle version information cache is out-of-date. Trying to update.
2026-02-22 20:32:59,124 [Worker-37: Building] WARN  o.e.m.c.i.embedder.EclipseLogger - Using platform encoding (UTF-8 actually) to copy filtered resources, i.e. build is platform dependent!
2026-02-22 20:32:59,132 [Worker-37: Building] INFO  o.e.m.c.i.embedder.EclipseLogger - skip non existing resourceDirectory C:\Users\SCLPT 123\eclipse-workspace\Opencart\src\main\resources
2026-02-22 20:32:59,135 [Worker-37: Building] WARN  o.e.m.c.i.embedder.EclipseLogger - Using platform encoding (UTF-8 actually) to copy filtered resources, i.e. build is platform dependent!
2026-02-22 20:32:59,141 [Worker-37: Building] INFO  o.e.m.c.i.embedder.EclipseLogger - Copying 0 resource
2026-02-22 20:42:17,573 [Worker-40: Building] WARN  o.e.m.c.i.embedder.EclipseLogger - Using platform encoding (UTF-8 actually) to copy filtered resources, i.e. build is platform dependent!
2026-02-22 20:42:17,575 [Worker-40: Building] INFO  o.e.m.c.i.embedder.EclipseLogger - skip non existing resourceDirectory C:\Users\SCLPT 123\eclipse-workspace\Opencart\src\main\resources
2026-02-22 20:42:17,577 [Worker-40: Building] WARN  o.e.m.c.i.embedder.EclipseLogger - Using platform encoding (UTF-8 actually) to copy filtered resources, i.e. build is platform dependent!
2026-02-22 20:42:17,582 [Worker-40: Building] INFO  o.e.m.c.i.embedder.EclipseLogger - Copying 0 resource
2026-02-22 20:45:59,356 [Worker-45: Building] WARN  o.e.m.c.i.embedder.EclipseLogger - Using platform encoding (UTF-8 actually) to copy filtered resources, i.e. build is platform dependent!
2026-02-22 20:45:59,357 [Worker-45: Building] INFO  o.e.m.c.i.embedder.EclipseLogger - skip non existing resourceDirectory C:\Users\SCLPT 123\eclipse-workspace\Opencart\src\main\resources
2026-02-22 20:45:59,359 [Worker-45: Building] WARN  o.e.m.c.i.embedder.EclipseLogger - Using platform encoding (UTF-8 actually) to copy filtered resources, i.e. build is platform dependent!
2026-02-22 20:45:59,360 [Worker-45: Building] INFO  o.e.m.c.i.embedder.EclipseLogger - Copying 0 resource
2026-02-22 20:47:13,726 [Worker-47: Building] WARN  o.e.m.c.i.embedder.EclipseLogger - Using platform encoding (UTF-8 actually) to copy filtered resources, i.e. build is platform dependent!
2026-02-22 20:47:13,727 [Worker-47: Building] INFO  o.e.m.c.i.embedder.EclipseLogger - skip non existing resourceDirectory C:\Users\SCLPT 123\eclipse-workspace\Opencart\src\main\resources
2026-02-22 20:47:13,728 [Worker-47: Building] WARN  o.e.m.c.i.embedder.EclipseLogger - Using platform encoding (UTF-8 actually) to copy filtered resources, i.e. build is platform dependent!
2026-02-22 20:47:13,729 [Worker-47: Building] INFO  o.e.m.c.i.embedder.EclipseLogger - Copying 0 resource
2026-02-22 20:50:52,149 [Worker-47: Building] WARN  o.e.m.c.i.embedder.EclipseLogger - Using platform encoding (UTF-8 actually) to copy filtered resources, i.e. build is platform dependent!
2026-02-22 20:50:52,150 [Worker-47: Building] INFO  o.e.m.c.i.embedder.EclipseLogger - skip non existing resourceDirectory C:\Users\SCLPT 123\eclipse-workspace\Opencart\src\main\resources
2026-02-22 20:50:52,151 [Worker-47: Building] WARN  o.e.m.c.i.embedder.EclipseLogger - Using platform encoding (UTF-8 actually) to copy filtered resources, i.e. build is platform dependent!
2026-02-22 20:50:52,153 [Worker-47: Building] INFO  o.e.m.c.i.embedder.EclipseLogger - Copying 0 resource
2026-02-22 20:51:07,904 [Worker-50: Building] WARN  o.e.m.c.i.embedder.EclipseLogger - Using platform encoding (UTF-8 actually) to copy filtered resources, i.e. build is platform dependent!
2026-02-22 20:51:07,905 [Worker-50: Building] INFO  o.e.m.c.i.embedder.EclipseLogger - skip non existing resourceDirectory C:\Users\SCLPT 123\eclipse-workspace\Opencart\src\main\resources
2026-02-22 20:51:07,906 [Worker-50: Building] WARN  o.e.m.c.i.embedder.EclipseLogger - Using platform encoding (UTF-8 actually) to copy filtered resources, i.e. build is platform dependent!
2026-02-22 20:51:07,907 [Worker-50: Building] INFO  o.e.m.c.i.embedder.EclipseLogger - Copying 0 resource
2026-02-22 20:52:58,582 [Worker-47: Building] WARN  o.e.m.c.i.embedder.EclipseLogger - Using platform encoding (UTF-8 actually) to copy filtered resources, i.e. build is platform dependent!
2026-02-22 20:52:58,584 [Worker-47: Building] INFO  o.e.m.c.i.embedder.EclipseLogger - skip non existing resourceDirectory C:\Users\SCLPT 123\eclipse-workspace\Opencart\src\main\resources
2026-02-22 20:52:58,586 [Worker-47: Building] WARN  o.e.m.c.i.embedder.EclipseLogger - Using platform encoding (UTF-8 actually) to copy filtered resources, i.e. build is platform dependent!
2026-02-22 20:52:58,587 [Worker-47: Building] INFO  o.e.m.c.i.embedder.EclipseLogger - Copying 0 resource
2026-02-22 20:53:17,591 [Worker-50: Building] WARN  o.e.m.c.i.embedder.EclipseLogger - Using platform encoding (UTF-8 actually) to copy filtered resources, i.e. build is platform dependent!
2026-02-22 20:53:17,592 [Worker-50: Building] INFO  o.e.m.c.i.embedder.EclipseLogger - skip non existing resourceDirectory C:\Users\SCLPT 123\eclipse-workspace\Opencart\src\main\resources
2026-02-22 20:53:17,593 [Worker-50: Building] WARN  o.e.m.c.i.embedder.EclipseLogger - Using platform encoding (UTF-8 actually) to copy filtered resources, i.e. build is platform dependent!
2026-02-22 20:53:17,595 [Worker-50: Building] INFO  o.e.m.c.i.embedder.EclipseLogger - Copying 0 resource
2026-02-22 20:53:29,708 [Worker-51: Building] WARN  o.e.m.c.i.embedder.EclipseLogger - Using platform encoding (UTF-8 actually) to copy filtered resources, i.e. build is platform dependent!
2026-02-22 20:53:29,709 [Worker-51: Building] INFO  o.e.m.c.i.embedder.EclipseLogger - skip non existing resourceDirectory C:\Users\SCLPT 123\eclipse-workspace\Opencart\src\main\resources
2026-02-22 20:53:29,710 [Worker-51: Building] WARN  o.e.m.c.i.embedder.EclipseLogger - Using platform encoding (UTF-8 actually) to copy filtered resources, i.e. build is platform dependent!
2026-02-22 20:53:29,711 [Worker-51: Building] INFO  o.e.m.c.i.embedder.EclipseLogger - Copying 0 resource
2026-02-22 20:56:36,385 [Worker-47: Building] WARN  o.e.m.c.i.embedder.EclipseLogger - Using platform encoding (UTF-8 actually) to copy filtered resources, i.e. build is platform dependent!
2026-02-22 20:56:36,386 [Worker-47: Building] INFO  o.e.m.c.i.embedder.EclipseLogger - skip non existing resourceDirectory C:\Users\SCLPT 123\eclipse-workspace\Opencart\src\main\resources
2026-02-22 20:56:36,387 [Worker-47: Building] WARN  o.e.m.c.i.embedder.EclipseLogger - Using platform encoding (UTF-8 actually) to copy filtered resources, i.e. build is platform dependent!
2026-02-22 20:56:36,388 [Worker-47: Building] INFO  o.e.m.c.i.embedder.EclipseLogger - Copying 0 resource
2026-02-22 20:57:48,573 [Worker-52: Building] WARN  o.e.m.c.i.embedder.EclipseLogger - Using platform encoding (UTF-8 actually) to copy filtered resources, i.e. build is platform dependent!
2026-02-22 20:57:48,574 [Worker-52: Building] INFO  o.e.m.c.i.embedder.EclipseLogger - skip non existing resourceDirectory C:\Users\SCLPT 123\eclipse-workspace\Opencart\src\main\resources
2026-02-22 20:57:48,576 [Worker-52: Building] WARN  o.e.m.c.i.embedder.EclipseLogger - Using platform encoding (UTF-8 actually) to copy filtered resources, i.e. build is platform dependent!
2026-02-22 20:57:48,577 [Worker-52: Building] INFO  o.e.m.c.i.embedder.EclipseLogger - Copying 0 resource
2026-02-22 20:58:36,029 [Worker-50: Building] WARN  o.e.m.c.i.embedder.EclipseLogger - Using platform encoding (UTF-8 actually) to copy filtered resources, i.e. build is platform dependent!
2026-02-22 20:58:36,031 [Worker-50: Building] INFO  o.e.m.c.i.embedder.EclipseLogger - skip non existing resourceDirectory C:\Users\SCLPT 123\eclipse-workspace\Opencart\src\main\resources
2026-02-22 20:58:36,032 [Worker-50: Building] WARN  o.e.m.c.i.embedder.EclipseLogger - Using platform encoding (UTF-8 actually) to copy filtered resources, i.e. build is platform dependent!
2026-02-22 20:58:36,034 [Worker-50: Building] INFO  o.e.m.c.i.embedder.EclipseLogger - Copying 0 resource
2026-02-22 21:40:58,271 [Worker-57: Building] WARN  o.e.m.c.i.embedder.EclipseLogger - Using platform encoding (UTF-8 actually) to copy filtered resources, i.e. build is platform dependent!
2026-02-22 21:40:58,277 [Worker-57: Building] INFO  o.e.m.c.i.embedder.EclipseLogger - skip non existing resourceDirectory C:\Users\SCLPT 123\eclipse-workspace\Opencart\src\main\resources
2026-02-22 21:40:58,278 [Worker-57: Building] WARN  o.e.m.c.i.embedder.EclipseLogger - Using platform encoding (UTF-8 actually) to copy filtered resources, i.e. build is platform dependent!
2026-02-22 21:40:58,280 [Worker-57: Building] INFO  o.e.m.c.i.embedder.EclipseLogger - Copying 0 resource
2026-02-22 21:42:38,040 [Worker-58: Building] WARN  o.e.m.c.i.embedder.EclipseLogger - Using platform encoding (UTF-8 actually) to copy filtered resources, i.e. build is platform dependent!
2026-02-22 21:42:38,041 [Worker-58: Building] INFO  o.e.m.c.i.embedder.EclipseLogger - skip non existing resourceDirectory C:\Users\SCLPT 123\eclipse-workspace\Opencart\src\main\resources
2026-02-22 21:42:38,042 [Worker-58: Building] WARN  o.e.m.c.i.embedder.EclipseLogger - Using platform encoding (UTF-8 actually) to copy filtered resources, i.e. build is platform dependent!
2026-02-22 21:42:38,044 [Worker-58: Building] INFO  o.e.m.c.i.embedder.EclipseLogger - Copying 0 resource
2026-02-22 21:42:43,809 [Worker-58: Building] WARN  o.e.m.c.i.embedder.EclipseLogger - Using platform encoding (UTF-8 actually) to copy filtered resources, i.e. build is platform dependent!
2026-02-22 21:42:43,810 [Worker-58: Building] INFO  o.e.m.c.i.embedder.EclipseLogger - skip non existing resourceDirectory C:\Users\SCLPT 123\eclipse-workspace\Opencart\src\main\resources
2026-02-22 21:42:43,811 [Worker-58: Building] WARN  o.e.m.c.i.embedder.EclipseLogger - Using platform encoding (UTF-8 actually) to copy filtered resources, i.e. build is platform dependent!
2026-02-22 21:42:43,812 [Worker-58: Building] INFO  o.e.m.c.i.embedder.EclipseLogger - Copying 0 resource
2026-02-22 21:42:48,361 [Worker-56: Building] WARN  o.e.m.c.i.embedder.EclipseLogger - Using platform encoding (UTF-8 actually) to copy filtered resources, i.e. build is platform dependent!
2026-02-22 21:42:48,361 [Worker-56: Building] INFO  o.e.m.c.i.embedder.EclipseLogger - skip non existing resourceDirectory C:\Users\SCLPT 123\eclipse-workspace\Opencart\src\main\resources
2026-02-22 21:42:48,362 [Worker-56: Building] WARN  o.e.m.c.i.embedder.EclipseLogger - Using platform encoding (UTF-8 actually) to copy filtered resources, i.e. build is platform dependent!
2026-02-22 21:42:48,364 [Worker-56: Building] INFO  o.e.m.c.i.embedder.EclipseLogger - Copying 0 resource
2026-02-22 21:42:52,975 [Worker-57: Building] WARN  o.e.m.c.i.embedder.EclipseLogger - Using platform encoding (UTF-8 actually) to copy filtered resources, i.e. build is platform dependent!
2026-02-22 21:42:52,976 [Worker-57: Building] INFO  o.e.m.c.i.embedder.EclipseLogger - skip non existing resourceDirectory C:\Users\SCLPT 123\eclipse-workspace\Opencart\src\main\resources
2026-02-22 21:42:52,977 [Worker-57: Building] WARN  o.e.m.c.i.embedder.EclipseLogger - Using platform encoding (UTF-8 actually) to copy filtered resources, i.e. build is platform dependent!
2026-02-22 21:42:52,978 [Worker-57: Building] INFO  o.e.m.c.i.embedder.EclipseLogger - Copying 0 resource
2026-03-09 18:00:04,558 [Worker-99: Building] INFO  o.e.m.c.i.l.LifecycleMappingFactory - Using org.eclipse.m2e.jdt.JarLifecycleMapping lifecycle mapping for MavenProject: Opencart:Opencart:0.0.1-SNAPSHOT @ C:\Users\SCLPT 123\eclipse-workspace\Opencart\pom.xml.
2026-03-09 18:00:06,782 [Worker-99: Building] WARN  o.e.m.c.i.embedder.EclipseLogger - Using platform encoding (UTF-8 actually) to copy filtered resources, i.e. build is platform dependent!
2026-03-09 18:00:06,789 [Worker-99: Building] INFO  o.e.m.c.i.embedder.EclipseLogger - skip non existing resourceDirectory C:\Users\SCLPT 123\eclipse-workspace\Opencart\src\main\resources
2026-03-09 18:00:06,792 [Worker-99: Building] WARN  o.e.m.c.i.embedder.EclipseLogger - Using platform encoding (UTF-8 actually) to copy filtered resources, i.e. build is platform dependent!
2026-03-09 18:00:06,795 [Worker-99: Building] INFO  o.e.m.c.i.embedder.EclipseLogger - Copying 0 resource
2026-03-09 18:00:08,897 [Worker-99: Building] WARN  o.e.m.c.i.embedder.EclipseLogger - Using platform encoding (UTF-8 actually) to copy filtered resources, i.e. build is platform dependent!
2026-03-09 18:00:08,901 [Worker-99: Building] INFO  o.e.m.c.i.embedder.EclipseLogger - skip non existing resourceDirectory C:\Users\SCLPT 123\eclipse-workspace\Opencart\src\main\resources
2026-03-09 18:00:08,905 [Worker-99: Building] WARN  o.e.m.c.i.embedder.EclipseLogger - Using platform encoding (UTF-8 actually) to copy filtered resources, i.e. build is platform dependent!
2026-03-09 18:00:08,907 [Worker-99: Building] INFO  o.e.m.c.i.embedder.EclipseLogger - Copying 0 resource
2026-03-09 18:00:09,158 [Worker-96: Download sources and javadoc] INFO  o.e.m.c.i.e.AbstractTransferListenerAdapter - Downloading https://repo.maven.apache.org/maven2/org/apache/logging/log4j/log4j-api/2.23.1/log4j-api-2.23.1-sources.jar
2026-03-09 18:00:17,376 [Worker-102: Building] INFO  o.e.m.c.i.l.LifecycleMappingFactory - Using org.eclipse.m2e.jdt.JarLifecycleMapping lifecycle mapping for MavenProject: Opencart:Opencart:0.0.1-SNAPSHOT @ C:\Users\SCLPT 123\eclipse-workspace\Opencart\pom.xml.
2026-03-09 18:01:29,848 [Worker-102: Building] INFO  o.e.m.c.i.e.AbstractTransferListenerAdapter - Downloaded https://repo.maven.apache.org/maven2/org/apache/logging/log4j/log4j-core/2.23.1/log4j-core-2.23.1.pom
2026-03-09 18:01:30,188 [Worker-102: Building] INFO  o.e.m.c.i.e.AbstractTransferListenerAdapter - Downloading https://repo.maven.apache.org/maven2/org/apache/logging/log4j/log4j-core/2.23.1/log4j-core-2.23.1.jar
2026-03-09 18:01:31,680 [Worker-102: Building] INFO  o.e.m.c.i.e.AbstractTransferListenerAdapter - Downloaded https://repo.maven.apache.org/maven2/org/apache/logging/log4j/log4j-core/2.23.1/log4j-core-2.23.1.jar
2026-03-09 18:01:34,889 [Worker-102: Building] WARN  o.e.m.c.i.embedder.EclipseLogger - Using platform encoding (UTF-8 actually) to copy filtered resources, i.e. build is platform dependent!
2026-03-09 18:01:34,898 [Worker-102: Building] INFO  o.e.m.c.i.embedder.EclipseLogger - skip non existing resourceDirectory C:\Users\SCLPT 123\eclipse-workspace\Opencart\src\main\resources
2026-03-09 18:01:34,906 [Worker-102: Building] WARN  o.e.m.c.i.embedder.EclipseLogger - Using platform encoding (UTF-8 actually) to copy filtered resources, i.e. build is platform dependent!
2026-03-09 18:01:34,914 [Worker-102: Building] INFO  o.e.m.c.i.embedder.EclipseLogger - Copying 0 resource
2026-03-09 18:01:36,870 [Worker-103: Updating Maven Project] INFO  o.e.m.c.i.p.ProjectConfigurationManager - Update started
2026-03-09 18:01:38,036 [Worker-103: Updating Maven Project] INFO  o.e.m.c.i.l.LifecycleMappingFactory - Using org.eclipse.m2e.jdt.JarLifecycleMapping lifecycle mapping for MavenProject: Opencart:Opencart:0.0.1-SNAPSHOT @ C:\Users\SCLPT 123\eclipse-workspace\Opencart\pom.xml.
2026-03-09 18:01:39,665 [Worker-103: Updating Maven Project] INFO  o.e.m.j.i.AbstractJavaProjectConfigurator - Adding source folder /Opencart/src/main/java
2026-03-09 18:01:39,668 [Worker-103: Updating Maven Project] INFO  o.e.m.j.i.AbstractJavaProjectConfigurator - Adding source folder /Opencart/src/test/java
2026-03-09 18:01:39,669 [Worker-103: Updating Maven Project] INFO  o.e.m.j.i.AbstractJavaProjectConfigurator - Adding resource folder /Opencart/src/test/resources
2026-03-09 18:01:40,684 [Worker-103: Updating Maven Project] INFO  o.e.m.c.i.p.ProjectConfigurationManager - Update completed: 3 sec
2026-03-09 18:01:41,854 [Worker-102: Building] WARN  o.e.m.c.i.embedder.EclipseLogger - Using platform encoding (UTF-8 actually) to copy filtered resources, i.e. build is platform dependent!
2026-03-09 18:01:41,855 [Worker-102: Building] INFO  o.e.m.c.i.embedder.EclipseLogger - skip non existing resourceDirectory C:\Users\SCLPT 123\eclipse-workspace\Opencart\src\main\resources
2026-03-09 18:01:41,860 [Worker-102: Building] WARN  o.e.m.c.i.embedder.EclipseLogger - Using platform encoding (UTF-8 actually) to copy filtered resources, i.e. build is platform dependent!
2026-03-09 18:01:41,864 [Worker-102: Building] INFO  o.e.m.c.i.embedder.EclipseLogger - Copying 0 resource
2026-03-09 18:09:32,057 [Worker-107: Updating Maven Project] INFO  o.e.m.c.i.p.ProjectConfigurationManager - Update started
2026-03-09 18:09:32,730 [Worker-107: Updating Maven Project] INFO  o.e.m.c.i.l.LifecycleMappingFactory - Using org.eclipse.m2e.jdt.JarLifecycleMapping lifecycle mapping for MavenProject: Opencart:Opencart:0.0.1-SNAPSHOT @ C:\Users\SCLPT 123\eclipse-workspace\Opencart\pom.xml.
2026-03-09 18:09:34,403 [Worker-107: Updating Maven Project] INFO  o.e.m.j.i.AbstractJavaProjectConfigurator - Adding source folder /Opencart/src/main/java
2026-03-09 18:09:34,408 [Worker-107: Updating Maven Project] INFO  o.e.m.j.i.AbstractJavaProjectConfigurator - Adding source folder /Opencart/src/test/java
2026-03-09 18:09:34,409 [Worker-107: Updating Maven Project] INFO  o.e.m.j.i.AbstractJavaProjectConfigurator - Adding resource folder /Opencart/src/test/resources
2026-03-09 18:09:34,880 [Worker-107: Updating Maven Project] INFO  o.e.m.c.i.p.ProjectConfigurationManager - Update completed: 2 sec
2026-03-09 18:09:36,726 [Worker-103: Building] WARN  o.e.m.c.i.embedder.EclipseLogger - Using platform encoding (UTF-8 actually) to copy filtered resources, i.e. build is platform dependent!
2026-03-09 18:09:36,737 [Worker-103: Building] INFO  o.e.m.c.i.embedder.EclipseLogger - skip non existing resourceDirectory C:\Users\SCLPT 123\eclipse-workspace\Opencart\src\main\resources
2026-03-09 18:09:36,740 [Worker-103: Building] WARN  o.e.m.c.i.embedder.EclipseLogger - Using platform encoding (UTF-8 actually) to copy filtered resources, i.e. build is platform dependent!
2026-03-09 18:09:36,743 [Worker-103: Building] INFO  o.e.m.c.i.embedder.EclipseLogger - Copying 0 resource
2026-03-09 18:11:16,309 [Worker-109: Updating Maven Project] INFO  o.e.m.c.i.p.ProjectConfigurationManager - Update started
2026-03-09 18:11:16,812 [Worker-109: Updating Maven Project] INFO  o.e.m.c.i.l.LifecycleMappingFactory - Using org.eclipse.m2e.jdt.JarLifecycleMapping lifecycle mapping for MavenProject: Opencart:Opencart:0.0.1-SNAPSHOT @ C:\Users\SCLPT 123\eclipse-workspace\Opencart\pom.xml.
2026-03-09 18:11:17,579 [Worker-109: Updating Maven Project] INFO  o.e.m.j.i.AbstractJavaProjectConfigurator - Adding source folder /Opencart/src/main/java
2026-03-09 18:11:17,580 [Worker-109: Updating Maven Project] INFO  o.e.m.j.i.AbstractJavaProjectConfigurator - Adding source folder /Opencart/src/test/java
2026-03-09 18:11:17,580 [Worker-109: Updating Maven Project] INFO  o.e.m.j.i.AbstractJavaProjectConfigurator - Adding resource folder /Opencart/src/test/resources
2026-03-09 18:11:17,839 [Worker-109: Updating Maven Project] INFO  o.e.m.c.i.p.ProjectConfigurationManager - Update completed: 1 sec
2026-03-09 18:11:18,368 [Worker-109: Building] WARN  o.e.m.c.i.embedder.EclipseLogger - Using platform encoding (UTF-8 actually) to copy filtered resources, i.e. build is platform dependent!
2026-03-09 18:11:18,369 [Worker-109: Building] INFO  o.e.m.c.i.embedder.EclipseLogger - skip non existing resourceDirectory C:\Users\SCLPT 123\eclipse-workspace\Opencart\src\main\resources
2026-03-09 18:11:18,370 [Worker-109: Building] WARN  o.e.m.c.i.embedder.EclipseLogger - Using platform encoding (UTF-8 actually) to copy filtered resources, i.e. build is platform dependent!
2026-03-09 18:11:18,371 [Worker-109: Building] INFO  o.e.m.c.i.embedder.EclipseLogger - Copying 0 resource
2026-03-09 18:12:33,923 [Worker-3: Loading available Gradle versions] INFO  o.e.b.c.i.u.g.PublishedGradleVersions - Gradle version information cache is out-of-date. Trying to update.
2026-03-09 18:14:02,261 [Worker-15: Building] INFO  o.e.m.c.i.l.LifecycleMappingFactory - Using org.eclipse.m2e.jdt.JarLifecycleMapping lifecycle mapping for MavenProject: Opencart:Opencart:0.0.1-SNAPSHOT @ C:\Users\SCLPT 123\eclipse-workspace\Opencart\pom.xml.
2026-03-09 18:14:03,162 [Worker-15: Building] WARN  o.e.m.c.i.embedder.EclipseLogger - Using platform encoding (UTF-8 actually) to copy filtered resources, i.e. build is platform dependent!
2026-03-09 18:14:03,165 [Worker-15: Building] INFO  o.e.m.c.i.embedder.EclipseLogger - skip non existing resourceDirectory C:\Users\SCLPT 123\eclipse-workspace\Opencart\src\main\resources
2026-03-09 18:14:03,167 [Worker-15: Building] WARN  o.e.m.c.i.embedder.EclipseLogger - Using platform encoding (UTF-8 actually) to copy filtered resources, i.e. build is platform dependent!
2026-03-09 18:14:03,171 [Worker-15: Building] INFO  o.e.m.c.i.embedder.EclipseLogger - Copying 0 resource
2026-03-09 18:14:05,282 [Worker-7: Building] WARN  o.e.m.c.i.embedder.EclipseLogger - Using platform encoding (UTF-8 actually) to copy filtered resources, i.e. build is platform dependent!
2026-03-09 18:14:05,283 [Worker-7: Building] INFO  o.e.m.c.i.embedder.EclipseLogger - skip non existing resourceDirectory C:\Users\SCLPT 123\eclipse-workspace\Opencart\src\main\resources
2026-03-09 18:14:05,286 [Worker-7: Building] WARN  o.e.m.c.i.embedder.EclipseLogger - Using platform encoding (UTF-8 actually) to copy filtered resources, i.e. build is platform dependent!
2026-03-09 18:14:05,288 [Worker-7: Building] INFO  o.e.m.c.i.embedder.EclipseLogger - Copying 0 resource
2026-03-09 18:14:24,929 [Worker-11: Updating Maven Project] INFO  o.e.m.c.i.p.ProjectConfigurationManager - Update started
2026-03-09 18:14:25,169 [Worker-11: Updating Maven Project] INFO  o.e.m.c.i.l.LifecycleMappingFactory - Using org.eclipse.m2e.jdt.JarLifecycleMapping lifecycle mapping for MavenProject: Opencart:Opencart:0.0.1-SNAPSHOT @ C:\Users\SCLPT 123\eclipse-workspace\Opencart\pom.xml.
2026-03-09 18:14:25,697 [Worker-11: Updating Maven Project] INFO  o.e.m.j.i.AbstractJavaProjectConfigurator - Adding source folder /Opencart/src/main/java
2026-03-09 18:14:25,698 [Worker-11: Updating Maven Project] INFO  o.e.m.j.i.AbstractJavaProjectConfigurator - Adding source folder /Opencart/src/test/java
2026-03-09 18:14:25,699 [Worker-11: Updating Maven Project] INFO  o.e.m.j.i.AbstractJavaProjectConfigurator - Adding resource folder /Opencart/src/test/resources
2026-03-09 18:14:25,928 [Worker-11: Updating Maven Project] INFO  o.e.m.c.i.p.ProjectConfigurationManager - Update completed: 0 sec
2026-03-09 18:14:26,384 [Worker-16: Building] WARN  o.e.m.c.i.embedder.EclipseLogger - Using platform encoding (UTF-8 actually) to copy filtered resources, i.e. build is platform dependent!
2026-03-09 18:14:26,385 [Worker-16: Building] INFO  o.e.m.c.i.embedder.EclipseLogger - skip non existing resourceDirectory C:\Users\SCLPT 123\eclipse-workspace\Opencart\src\main\resources
2026-03-09 18:14:26,388 [Worker-16: Building] WARN  o.e.m.c.i.embedder.EclipseLogger - Using platform encoding (UTF-8 actually) to copy filtered resources, i.e. build is platform dependent!
2026-03-09 18:14:26,390 [Worker-16: Building] INFO  o.e.m.c.i.embedder.EclipseLogger - Copying 0 resource
2026-03-09 18:21:19,063 [Worker-19: Building] WARN  o.e.m.c.i.embedder.EclipseLogger - Using platform encoding (UTF-8 actually) to copy filtered resources, i.e. build is platform dependent!
2026-03-09 18:21:19,088 [Worker-19: Building] INFO  o.e.m.c.i.embedder.EclipseLogger - skip non existing resourceDirectory C:\Users\SCLPT 123\eclipse-workspace\Opencart\src\main\resources
2026-03-09 18:21:19,090 [Worker-19: Building] WARN  o.e.m.c.i.embedder.EclipseLogger - Using platform encoding (UTF-8 actually) to copy filtered resources, i.e. build is platform dependent!
2026-03-09 18:21:19,118 [Worker-19: Building] INFO  o.e.m.c.i.embedder.EclipseLogger - Copying 0 resource
2026-03-09 18:22:12,710 [Worker-23: Building] WARN  o.e.m.c.i.embedder.EclipseLogger - Using platform encoding (UTF-8 actually) to copy filtered resources, i.e. build is platform dependent!
2026-03-09 18:22:12,720 [Worker-23: Building] INFO  o.e.m.c.i.embedder.EclipseLogger - skip non existing resourceDirectory C:\Users\SCLPT 123\eclipse-workspace\Opencart\src\main\resources
2026-03-09 18:22:12,723 [Worker-23: Building] WARN  o.e.m.c.i.embedder.EclipseLogger - Using platform encoding (UTF-8 actually) to copy filtered resources, i.e. build is platform dependent!
2026-03-09 18:22:12,725 [Worker-23: Building] INFO  o.e.m.c.i.embedder.EclipseLogger - Copying 0 resource
2026-03-09 18:22:14,842 [Worker-24: Building] WARN  o.e.m.c.i.embedder.EclipseLogger - Using platform encoding (UTF-8 actually) to copy filtered resources, i.e. build is platform dependent!
2026-03-09 18:22:14,843 [Worker-24: Building] INFO  o.e.m.c.i.embedder.EclipseLogger - skip non existing resourceDirectory C:\Users\SCLPT 123\eclipse-workspace\Opencart\src\main\resources
2026-03-09 18:22:14,844 [Worker-24: Building] WARN  o.e.m.c.i.embedder.EclipseLogger - Using platform encoding (UTF-8 actually) to copy filtered resources, i.e. build is platform dependent!
2026-03-09 18:22:14,846 [Worker-24: Building] INFO  o.e.m.c.i.embedder.EclipseLogger - Copying 0 resource
2026-03-09 18:24:44,881 [Worker-26: Building] WARN  o.e.m.c.i.embedder.EclipseLogger - Using platform encoding (UTF-8 actually) to copy filtered resources, i.e. build is platform dependent!
2026-03-09 18:24:44,884 [Worker-26: Building] INFO  o.e.m.c.i.embedder.EclipseLogger - skip non existing resourceDirectory C:\Users\SCLPT 123\eclipse-workspace\Opencart\src\main\resources
2026-03-09 18:24:44,885 [Worker-26: Building] WARN  o.e.m.c.i.embedder.EclipseLogger - Using platform encoding (UTF-8 actually) to copy filtered resources, i.e. build is platform dependent!
2026-03-09 18:24:44,886 [Worker-26: Building] INFO  o.e.m.c.i.embedder.EclipseLogger - Copying 0 resource
2026-03-09 18:26:41,518 [Worker-23: Building] WARN  o.e.m.c.i.embedder.EclipseLogger - Using platform encoding (UTF-8 actually) to copy filtered resources, i.e. build is platform dependent!
2026-03-09 18:26:41,519 [Worker-23: Building] INFO  o.e.m.c.i.embedder.EclipseLogger - skip non existing resourceDirectory C:\Users\SCLPT 123\eclipse-workspace\Opencart\src\main\resources
2026-03-09 18:26:41,521 [Worker-23: Building] WARN  o.e.m.c.i.embedder.EclipseLogger - Using platform encoding (UTF-8 actually) to copy filtered resources, i.e. build is platform dependent!
2026-03-09 18:26:41,522 [Worker-23: Building] INFO  o.e.m.c.i.embedder.EclipseLogger - Copying 0 resource
2026-03-09 18:28:38,917 [Worker-23: Building] WARN  o.e.m.c.i.embedder.EclipseLogger - Using platform encoding (UTF-8 actually) to copy filtered resources, i.e. build is platform dependent!
2026-03-09 18:28:38,919 [Worker-23: Building] INFO  o.e.m.c.i.embedder.EclipseLogger - skip non existing resourceDirectory C:\Users\SCLPT 123\eclipse-workspace\Opencart\src\main\resources
2026-03-09 18:28:38,920 [Worker-23: Building] WARN  o.e.m.c.i.embedder.EclipseLogger - Using platform encoding (UTF-8 actually) to copy filtered resources, i.e. build is platform dependent!
2026-03-09 18:28:38,921 [Worker-23: Building] INFO  o.e.m.c.i.embedder.EclipseLogger - Copying 0 resource
2026-03-09 18:29:10,167 [Worker-26: Building] WARN  o.e.m.c.i.embedder.EclipseLogger - Using platform encoding (UTF-8 actually) to copy filtered resources, i.e. build is platform dependent!
2026-03-09 18:29:10,168 [Worker-26: Building] INFO  o.e.m.c.i.embedder.EclipseLogger - skip non existing resourceDirectory C:\Users\SCLPT 123\eclipse-workspace\Opencart\src\main\resources
2026-03-09 18:29:10,171 [Worker-26: Building] WARN  o.e.m.c.i.embedder.EclipseLogger - Using platform encoding (UTF-8 actually) to copy filtered resources, i.e. build is platform dependent!
2026-03-09 18:29:10,173 [Worker-26: Building] INFO  o.e.m.c.i.embedder.EclipseLogger - Copying 0 resource
2026-03-09 18:30:38,373 [Worker-23: Building] WARN  o.e.m.c.i.embedder.EclipseLogger - Using platform encoding (UTF-8 actually) to copy filtered resources, i.e. build is platform dependent!
2026-03-09 18:30:38,376 [Worker-23: Building] INFO  o.e.m.c.i.embedder.EclipseLogger - skip non existing resourceDirectory C:\Users\SCLPT 123\eclipse-workspace\Opencart\src\main\resources
2026-03-09 18:30:38,378 [Worker-23: Building] WARN  o.e.m.c.i.embedder.EclipseLogger - Using platform encoding (UTF-8 actually) to copy filtered resources, i.e. build is platform dependent!
2026-03-09 18:30:38,380 [Worker-23: Building] INFO  o.e.m.c.i.embedder.EclipseLogger - Copying 0 resource
2026-03-09 18:31:09,516 [Worker-30: Building] WARN  o.e.m.c.i.embedder.EclipseLogger - Using platform encoding (UTF-8 actually) to copy filtered resources, i.e. build is platform dependent!
2026-03-09 18:31:09,517 [Worker-30: Building] INFO  o.e.m.c.i.embedder.EclipseLogger - skip non existing resourceDirectory C:\Users\SCLPT 123\eclipse-workspace\Opencart\src\main\resources
2026-03-09 18:31:09,519 [Worker-30: Building] WARN  o.e.m.c.i.embedder.EclipseLogger - Using platform encoding (UTF-8 actually) to copy filtered resources, i.e. build is platform dependent!
2026-03-09 18:31:09,521 [Worker-30: Building] INFO  o.e.m.c.i.embedder.EclipseLogger - Copying 0 resource
2026-03-09 20:46:03,462 [Worker-30: Building] WARN  o.e.m.c.i.embedder.EclipseLogger - Using platform encoding (UTF-8 actually) to copy filtered resources, i.e. build is platform dependent!
2026-03-09 20:46:03,493 [Worker-30: Building] INFO  o.e.m.c.i.embedder.EclipseLogger - skip non existing resourceDirectory C:\Users\SCLPT 123\eclipse-workspace\Opencart\src\main\resources
2026-03-09 20:46:03,495 [Worker-30: Building] WARN  o.e.m.c.i.embedder.EclipseLogger - Using platform encoding (UTF-8 actually) to copy filtered resources, i.e. build is platform dependent!
2026-03-09 20:46:03,499 [Worker-30: Building] INFO  o.e.m.c.i.embedder.EclipseLogger - Copying 0 resource
2026-03-09 20:46:40,365 [Worker-23: Building] WARN  o.e.m.c.i.embedder.EclipseLogger - Using platform encoding (UTF-8 actually) to copy filtered resources, i.e. build is platform dependent!
2026-03-09 20:46:40,367 [Worker-23: Building] INFO  o.e.m.c.i.embedder.EclipseLogger - skip non existing resourceDirectory C:\Users\SCLPT 123\eclipse-workspace\Opencart\src\main\resources
2026-03-09 20:46:40,370 [Worker-23: Building] WARN  o.e.m.c.i.embedder.EclipseLogger - Using platform encoding (UTF-8 actually) to copy filtered resources, i.e. build is platform dependent!
2026-03-09 20:46:40,372 [Worker-23: Building] INFO  o.e.m.c.i.embedder.EclipseLogger - Copying 0 resource
2026-03-09 20:51:00,690 [Worker-32: Building] WARN  o.e.m.c.i.embedder.EclipseLogger - Using platform encoding (UTF-8 actually) to copy filtered resources, i.e. build is platform dependent!
2026-03-09 20:51:00,696 [Worker-32: Building] INFO  o.e.m.c.i.embedder.EclipseLogger - skip non existing resourceDirectory C:\Users\SCLPT 123\eclipse-workspace\Opencart\src\main\resources
2026-03-09 20:51:00,698 [Worker-32: Building] WARN  o.e.m.c.i.embedder.EclipseLogger - Using platform encoding (UTF-8 actually) to copy filtered resources, i.e. build is platform dependent!
2026-03-09 20:51:00,701 [Worker-32: Building] INFO  o.e.m.c.i.embedder.EclipseLogger - Copying 0 resource
2026-03-09 20:51:40,304 [Worker-35: Building] WARN  o.e.m.c.i.embedder.EclipseLogger - Using platform encoding (UTF-8 actually) to copy filtered resources, i.e. build is platform dependent!
2026-03-09 20:51:40,306 [Worker-35: Building] INFO  o.e.m.c.i.embedder.EclipseLogger - skip non existing resourceDirectory C:\Users\SCLPT 123\eclipse-workspace\Opencart\src\main\resources
2026-03-09 20:51:40,307 [Worker-35: Building] WARN  o.e.m.c.i.embedder.EclipseLogger - Using platform encoding (UTF-8 actually) to copy filtered resources, i.e. build is platform dependent!
2026-03-09 20:51:40,308 [Worker-35: Building] INFO  o.e.m.c.i.embedder.EclipseLogger - Copying 0 resource
2026-03-09 20:55:58,134 [Worker-36: Building] WARN  o.e.m.c.i.embedder.EclipseLogger - Using platform encoding (UTF-8 actually) to copy filtered resources, i.e. build is platform dependent!
2026-03-09 20:55:58,150 [Worker-36: Building] INFO  o.e.m.c.i.embedder.EclipseLogger - skip non existing resourceDirectory C:\Users\SCLPT 123\eclipse-workspace\Opencart\src\main\resources
2026-03-09 20:55:58,153 [Worker-36: Building] WARN  o.e.m.c.i.embedder.EclipseLogger - Using platform encoding (UTF-8 actually) to copy filtered resources, i.e. build is platform dependent!
2026-03-09 20:55:58,157 [Worker-36: Building] INFO  o.e.m.c.i.embedder.EclipseLogger - Copying 0 resource
2026-03-09 20:56:16,426 [Worker-39: Building] WARN  o.e.m.c.i.embedder.EclipseLogger - Using platform encoding (UTF-8 actually) to copy filtered resources, i.e. build is platform dependent!
2026-03-09 20:56:16,427 [Worker-39: Building] INFO  o.e.m.c.i.embedder.EclipseLogger - skip non existing resourceDirectory C:\Users\SCLPT 123\eclipse-workspace\Opencart\src\main\resources
2026-03-09 20:56:16,429 [Worker-39: Building] WARN  o.e.m.c.i.embedder.EclipseLogger - Using platform encoding (UTF-8 actually) to copy filtered resources, i.e. build is platform dependent!
2026-03-09 20:56:16,430 [Worker-39: Building] INFO  o.e.m.c.i.embedder.EclipseLogger - Copying 0 resource
2026-03-09 20:56:49,589 [Worker-41: Building] WARN  o.e.m.c.i.embedder.EclipseLogger - Using platform encoding (UTF-8 actually) to copy filtered resources, i.e. build is platform dependent!
2026-03-09 20:56:49,589 [Worker-41: Building] INFO  o.e.m.c.i.embedder.EclipseLogger - skip non existing resourceDirectory C:\Users\SCLPT 123\eclipse-workspace\Opencart\src\main\resources
2026-03-09 20:56:49,590 [Worker-41: Building] WARN  o.e.m.c.i.embedder.EclipseLogger - Using platform encoding (UTF-8 actually) to copy filtered resources, i.e. build is platform dependent!
2026-03-09 20:56:49,591 [Worker-41: Building] INFO  o.e.m.c.i.embedder.EclipseLogger - Copying 0 resource
2026-03-09 20:56:55,541 [Worker-41: Building] WARN  o.e.m.c.i.embedder.EclipseLogger - Using platform encoding (UTF-8 actually) to copy filtered resources, i.e. build is platform dependent!
2026-03-09 20:56:55,543 [Worker-41: Building] INFO  o.e.m.c.i.embedder.EclipseLogger - skip non existing resourceDirectory C:\Users\SCLPT 123\eclipse-workspace\Opencart\src\main\resources
2026-03-09 20:56:55,544 [Worker-41: Building] WARN  o.e.m.c.i.embedder.EclipseLogger - Using platform encoding (UTF-8 actually) to copy filtered resources, i.e. build is platform dependent!
2026-03-09 20:56:55,546 [Worker-41: Building] INFO  o.e.m.c.i.embedder.EclipseLogger - Copying 0 resource
2026-03-09 21:01:49,682 [Worker-0: Loading available Gradle versions] INFO  o.e.b.c.i.u.g.PublishedGradleVersions - Gradle version information cache is up-to-date. Trying to read.
2026-03-09 21:01:51,699 [Worker-6: Building] WARN  o.e.m.c.i.embedder.EclipseLogger - Using platform encoding (UTF-8 actually) to copy filtered resources, i.e. build is platform dependent!
2026-03-09 21:01:51,701 [Worker-6: Building] INFO  o.e.m.c.i.embedder.EclipseLogger - skip non existing resourceDirectory C:\Users\SCLPT 123\eclipse-workspace\Opencart\src\main\resources
2026-03-09 21:01:51,705 [Worker-6: Building] WARN  o.e.m.c.i.embedder.EclipseLogger - Using platform encoding (UTF-8 actually) to copy filtered resources, i.e. build is platform dependent!
2026-03-09 21:01:51,713 [Worker-6: Building] INFO  o.e.m.c.i.embedder.EclipseLogger - Copying 0 resource
2026-03-09 21:04:29,553 [Worker-7: Building] WARN  o.e.m.c.i.embedder.EclipseLogger - Using platform encoding (UTF-8 actually) to copy filtered resources, i.e. build is platform dependent!
2026-03-09 21:04:29,554 [Worker-7: Building] INFO  o.e.m.c.i.embedder.EclipseLogger - skip non existing resourceDirectory C:\Users\SCLPT 123\eclipse-workspace\Opencart\src\main\resources
2026-03-09 21:04:29,555 [Worker-7: Building] WARN  o.e.m.c.i.embedder.EclipseLogger - Using platform encoding (UTF-8 actually) to copy filtered resources, i.e. build is platform dependent!
2026-03-09 21:04:29,562 [Worker-7: Building] INFO  o.e.m.c.i.embedder.EclipseLogger - Copying 0 resource
2026-03-09 21:06:25,252 [Worker-1: Launching TC001_AccountRegistrationTest] WARN  o.e.m.c.i.embedder.EclipseLogger - Using platform encoding (UTF-8 actually) to copy filtered resources, i.e. build is platform dependent!
2026-03-09 21:06:25,254 [Worker-1: Launching TC001_AccountRegistrationTest] INFO  o.e.m.c.i.embedder.EclipseLogger - skip non existing resourceDirectory C:\Users\SCLPT 123\eclipse-workspace\Opencart\src\main\resources
2026-03-09 21:06:25,255 [Worker-1: Launching TC001_AccountRegistrationTest] WARN  o.e.m.c.i.embedder.EclipseLogger - Using platform encoding (UTF-8 actually) to copy filtered resources, i.e. build is platform dependent!
2026-03-09 21:06:25,257 [Worker-1: Launching TC001_AccountRegistrationTest] INFO  o.e.m.c.i.embedder.EclipseLogger - Copying 0 resource
2026-03-09 21:12:36,741 [Worker-1: Building] WARN  o.e.m.c.i.embedder.EclipseLogger - Using platform encoding (UTF-8 actually) to copy filtered resources, i.e. build is platform dependent!
2026-03-09 21:12:36,742 [Worker-1: Building] INFO  o.e.m.c.i.embedder.EclipseLogger - skip non existing resourceDirectory C:\Users\SCLPT 123\eclipse-workspace\Opencart\src\main\resources
2026-03-09 21:12:36,743 [Worker-1: Building] WARN  o.e.m.c.i.embedder.EclipseLogger - Using platform encoding (UTF-8 actually) to copy filtered resources, i.e. build is platform dependent!
2026-03-09 21:12:36,744 [Worker-1: Building] INFO  o.e.m.c.i.embedder.EclipseLogger - Copying 0 resource
2026-03-09 21:13:22,897 [Worker-1: Building] WARN  o.e.m.c.i.embedder.EclipseLogger - Using platform encoding (UTF-8 actually) to copy filtered resources, i.e. build is platform dependent!
2026-03-09 21:13:22,898 [Worker-1: Building] INFO  o.e.m.c.i.embedder.EclipseLogger - skip non existing resourceDirectory C:\Users\SCLPT 123\eclipse-workspace\Opencart\src\main\resources
2026-03-09 21:13:22,899 [Worker-1: Building] WARN  o.e.m.c.i.embedder.EclipseLogger - Using platform encoding (UTF-8 actually) to copy filtered resources, i.e. build is platform dependent!
2026-03-09 21:13:22,901 [Worker-1: Building] INFO  o.e.m.c.i.embedder.EclipseLogger - Copying 0 resource
2026-03-09 21:16:44,434 [Worker-28: Building] WARN  o.e.m.c.i.embedder.EclipseLogger - Using platform encoding (UTF-8 actually) to copy filtered resources, i.e. build is platform dependent!
2026-03-09 21:16:44,436 [Worker-28: Building] INFO  o.e.m.c.i.embedder.EclipseLogger - skip non existing resourceDirectory C:\Users\SCLPT 123\eclipse-workspace\Opencart\src\main\resources
2026-03-09 21:16:44,437 [Worker-28: Building] WARN  o.e.m.c.i.embedder.EclipseLogger - Using platform encoding (UTF-8 actually) to copy filtered resources, i.e. build is platform dependent!
2026-03-09 21:16:44,439 [Worker-28: Building] INFO  o.e.m.c.i.embedder.EclipseLogger - Copying 0 resource
2026-03-09 21:18:54,915 [Worker-27: Building] WARN  o.e.m.c.i.embedder.EclipseLogger - Using platform encoding (UTF-8 actually) to copy filtered resources, i.e. build is platform dependent!
2026-03-09 21:18:54,917 [Worker-27: Building] INFO  o.e.m.c.i.embedder.EclipseLogger - skip non existing resourceDirectory C:\Users\SCLPT 123\eclipse-workspace\Opencart\src\main\resources
2026-03-09 21:18:54,918 [Worker-27: Building] WARN  o.e.m.c.i.embedder.EclipseLogger - Using platform encoding (UTF-8 actually) to copy filtered resources, i.e. build is platform dependent!
2026-03-09 21:18:54,920 [Worker-27: Building] INFO  o.e.m.c.i.embedder.EclipseLogger - Copying 0 resource
2026-03-09 21:19:19,337 [Worker-29: Building] WARN  o.e.m.c.i.embedder.EclipseLogger - Using platform encoding (UTF-8 actually) to copy filtered resources, i.e. build is platform dependent!
2026-03-09 21:19:19,338 [Worker-29: Building] INFO  o.e.m.c.i.embedder.EclipseLogger - skip non existing resourceDirectory C:\Users\SCLPT 123\eclipse-workspace\Opencart\src\main\resources
2026-03-09 21:19:19,339 [Worker-29: Building] WARN  o.e.m.c.i.embedder.EclipseLogger - Using platform encoding (UTF-8 actually) to copy filtered resources, i.e. build is platform dependent!
2026-03-09 21:19:19,340 [Worker-29: Building] INFO  o.e.m.c.i.embedder.EclipseLogger - Copying 0 resource
2026-03-09 21:22:28,141 [Worker-32: Building] WARN  o.e.m.c.i.embedder.EclipseLogger - Using platform encoding (UTF-8 actually) to copy filtered resources, i.e. build is platform dependent!
2026-03-09 21:22:28,142 [Worker-32: Building] INFO  o.e.m.c.i.embedder.EclipseLogger - skip non existing resourceDirectory C:\Users\SCLPT 123\eclipse-workspace\Opencart\src\main\resources
2026-03-09 21:22:28,143 [Worker-32: Building] WARN  o.e.m.c.i.embedder.EclipseLogger - Using platform encoding (UTF-8 actually) to copy filtered resources, i.e. build is platform dependent!
2026-03-09 21:22:28,145 [Worker-32: Building] INFO  o.e.m.c.i.embedder.EclipseLogger - Copying 0 resource
2026-03-09 21:22:30,025 [Worker-27: Building] WARN  o.e.m.c.i.embedder.EclipseLogger - Using platform encoding (UTF-8 actually) to copy filtered resources, i.e. build is platform dependent!
2026-03-09 21:22:30,026 [Worker-27: Building] INFO  o.e.m.c.i.embedder.EclipseLogger - skip non existing resourceDirectory C:\Users\SCLPT 123\eclipse-workspace\Opencart\src\main\resources
2026-03-09 21:22:30,027 [Worker-27: Building] WARN  o.e.m.c.i.embedder.EclipseLogger - Using platform encoding (UTF-8 actually) to copy filtered resources, i.e. build is platform dependent!
2026-03-09 21:22:30,028 [Worker-27: Building] INFO  o.e.m.c.i.embedder.EclipseLogger - Copying 0 resource
2026-03-09 21:22:32,851 [Worker-32: Building] WARN  o.e.m.c.i.embedder.EclipseLogger - Using platform encoding (UTF-8 actually) to copy filtered resources, i.e. build is platform dependent!
2026-03-09 21:22:32,852 [Worker-32: Building] INFO  o.e.m.c.i.embedder.EclipseLogger - skip non existing resourceDirectory C:\Users\SCLPT 123\eclipse-workspace\Opencart\src\main\resources
2026-03-09 21:22:32,853 [Worker-32: Building] WARN  o.e.m.c.i.embedder.EclipseLogger - Using platform encoding (UTF-8 actually) to copy filtered resources, i.e. build is platform dependent!
2026-03-09 21:22:32,854 [Worker-32: Building] INFO  o.e.m.c.i.embedder.EclipseLogger - Copying 0 resource
2026-03-09 21:22:57,737 [Worker-27: Building] WARN  o.e.m.c.i.embedder.EclipseLogger - Using platform encoding (UTF-8 actually) to copy filtered resources, i.e. build is platform dependent!
2026-03-09 21:22:57,738 [Worker-27: Building] INFO  o.e.m.c.i.embedder.EclipseLogger - skip non existing resourceDirectory C:\Users\SCLPT 123\eclipse-workspace\Opencart\src\main\resources
2026-03-09 21:22:57,740 [Worker-27: Building] WARN  o.e.m.c.i.embedder.EclipseLogger - Using platform encoding (UTF-8 actually) to copy filtered resources, i.e. build is platform dependent!
2026-03-09 21:22:57,741 [Worker-27: Building] INFO  o.e.m.c.i.embedder.EclipseLogger - Copying 0 resource
2026-03-10 12:51:35,448 [Worker-41: Enabling Maven Dependency Management] INFO  o.e.m.c.i.e.AbstractTransferListenerAdapter - Downloading https://repo.maven.apache.org/maven2/org/apache/maven/plugins/maven-compiler-plugin/3.8.1/maven-compiler-plugin-3.8.1.jar
2026-03-10 12:51:35,586 [Worker-41: Enabling Maven Dependency Management] INFO  o.e.m.c.i.e.AbstractTransferListenerAdapter - Downloaded https://repo.maven.apache.org/maven2/org/apache/maven/plugins/maven-compiler-plugin/3.8.1/maven-compiler-plugin-3.8.1.jar
2026-03-10 12:51:35,923 [Worker-41: Enabling Maven Dependency Management] INFO  o.e.m.c.i.e.AbstractTransferListenerAdapter - Downloaded https://repo.maven.apache.org/maven2/org/apache/maven/maven-plugin-api/3.0/maven-plugin-api-3.0.pom
2026-03-10 12:51:36,027 [Worker-41: Enabling Maven Dependency Management] INFO  o.e.m.c.i.e.AbstractTransferListenerAdapter - Downloaded https://repo.maven.apache.org/maven2/org/apache/maven/maven/3.0/maven-3.0.pom
2026-03-10 12:51:36,146 [Worker-41: Enabling Maven Dependency Management] INFO  o.e.m.c.i.e.AbstractTransferListenerAdapter - Downloaded https://repo.maven.apache.org/maven2/org/apache/maven/maven-parent/15/maven-parent-15.pom
2026-03-10 12:51:36,250 [Worker-41: Enabling Maven Dependency Management] INFO  o.e.m.c.i.e.AbstractTransferListenerAdapter - Downloaded https://repo.maven.apache.org/maven2/org/apache/apache/6/apache-6.pom
2026-03-10 12:51:36,389 [Worker-41: Enabling Maven Dependency Management] INFO  o.e.m.c.i.e.AbstractTransferListenerAdapter - Downloaded https://repo.maven.apache.org/maven2/org/apache/maven/maven-model/3.0/maven-model-3.0.pom
2026-03-10 12:51:36,507 [Worker-41: Enabling Maven Dependency Management] INFO  o.e.m.c.i.e.AbstractTransferListenerAdapter - Downloaded https://repo.maven.apache.org/maven2/org/codehaus/plexus/plexus-utils/2.0.4/plexus-utils-2.0.4.pom
2026-03-10 12:51:36,644 [Worker-41: Enabling Maven Dependency Management] INFO  o.e.m.c.i.e.AbstractTransferListenerAdapter - Downloaded https://repo.maven.apache.org/maven2/org/apache/maven/maven-artifact/3.0/maven-artifact-3.0.pom
2026-03-10 12:51:36,783 [Worker-41: Enabling Maven Dependency Management] INFO  o.e.m.c.i.e.AbstractTransferListenerAdapter - Downloaded https://repo.maven.apache.org/maven2/org/sonatype/sisu/sisu-inject-plexus/1.4.2/sisu-inject-plexus-1.4.2.pom
2026-03-10 12:51:36,943 [Worker-41: Enabling Maven Dependency Management] INFO  o.e.m.c.i.e.AbstractTransferListenerAdapter - Downloaded https://repo.maven.apache.org/maven2/org/sonatype/sisu/inject/guice-plexus/1.4.2/guice-plexus-1.4.2.pom
2026-03-10 12:51:37,061 [Worker-41: Enabling Maven Dependency Management] INFO  o.e.m.c.i.e.AbstractTransferListenerAdapter - Downloaded https://repo.maven.apache.org/maven2/org/sonatype/sisu/inject/guice-bean/1.4.2/guice-bean-1.4.2.pom
2026-03-10 12:51:37,173 [Worker-41: Enabling Maven Dependency Management] INFO  o.e.m.c.i.e.AbstractTransferListenerAdapter - Downloaded https://repo.maven.apache.org/maven2/org/sonatype/sisu/sisu-inject/1.4.2/sisu-inject-1.4.2.pom
2026-03-10 12:51:37,314 [Worker-41: Enabling Maven Dependency Management] INFO  o.e.m.c.i.e.AbstractTransferListenerAdapter - Downloaded https://repo.maven.apache.org/maven2/org/sonatype/sisu/sisu-parent/1.4.2/sisu-parent-1.4.2.pom
2026-03-10 12:51:37,445 [Worker-41: Enabling Maven Dependency Management] INFO  o.e.m.c.i.e.AbstractTransferListenerAdapter - Downloaded https://repo.maven.apache.org/maven2/org/sonatype/forge/forge-parent/6/forge-parent-6.pom
2026-03-10 12:51:37,585 [Worker-41: Enabling Maven Dependency Management] INFO  o.e.m.c.i.e.AbstractTransferListenerAdapter - Downloaded https://repo.maven.apache.org/maven2/org/codehaus/plexus/plexus-component-annotations/1.7.1/plexus-component-annotations-1.7.1.pom
2026-03-10 12:51:37,718 [Worker-41: Enabling Maven Dependency Management] INFO  o.e.m.c.i.e.AbstractTransferListenerAdapter - Downloaded https://repo.maven.apache.org/maven2/org/codehaus/plexus/plexus-containers/1.7.1/plexus-containers-1.7.1.pom
2026-03-10 12:51:37,863 [Worker-41: Enabling Maven Dependency Management] INFO  o.e.m.c.i.e.AbstractTransferListenerAdapter - Downloaded https://repo.maven.apache.org/maven2/org/codehaus/plexus/plexus/4.0/plexus-4.0.pom
2026-03-10 12:51:38,005 [Worker-41: Enabling Maven Dependency Management] INFO  o.e.m.c.i.e.AbstractTransferListenerAdapter - Downloaded https://repo.maven.apache.org/maven2/org/codehaus/plexus/plexus-classworlds/2.2.3/plexus-classworlds-2.2.3.pom
2026-03-10 12:51:38,153 [Worker-41: Enabling Maven Dependency Management] INFO  o.e.m.c.i.e.AbstractTransferListenerAdapter - Downloaded https://repo.maven.apache.org/maven2/org/sonatype/sisu/sisu-inject-bean/1.4.2/sisu-inject-bean-1.4.2.pom
2026-03-10 12:51:38,291 [Worker-41: Enabling Maven Dependency Management] INFO  o.e.m.c.i.e.AbstractTransferListenerAdapter - Downloaded https://repo.maven.apache.org/maven2/org/sonatype/sisu/sisu-guice/2.1.7/sisu-guice-2.1.7.pom
2026-03-10 12:51:38,411 [Worker-41: Enabling Maven Dependency Management] INFO  o.e.m.c.i.e.AbstractTransferListenerAdapter - Downloaded https://repo.maven.apache.org/maven2/org/apache/maven/maven-core/3.0/maven-core-3.0.pom
2026-03-10 12:51:38,552 [Worker-41: Enabling Maven Dependency Management] INFO  o.e.m.c.i.e.AbstractTransferListenerAdapter - Downloaded https://repo.maven.apache.org/maven2/org/apache/maven/maven-settings/3.0/maven-settings-3.0.pom
2026-03-10 12:51:38,694 [Worker-41: Enabling Maven Dependency Management] INFO  o.e.m.c.i.e.AbstractTransferListenerAdapter - Downloaded https://repo.maven.apache.org/maven2/org/apache/maven/maven-settings-builder/3.0/maven-settings-builder-3.0.pom
2026-03-10 12:51:38,815 [Worker-41: Enabling Maven Dependency Management] INFO  o.e.m.c.i.e.AbstractTransferListenerAdapter - Downloaded https://repo.maven.apache.org/maven2/org/codehaus/plexus/plexus-interpolation/1.14/plexus-interpolation-1.14.pom
2026-03-10 12:51:38,948 [Worker-41: Enabling Maven Dependency Management] INFO  o.e.m.c.i.e.AbstractTransferListenerAdapter - Downloaded https://repo.maven.apache.org/maven2/org/codehaus/plexus/plexus-components/1.1.18/plexus-components-1.1.18.pom
2026-03-10 12:51:39,116 [Worker-41: Enabling Maven Dependency Management] INFO  o.e.m.c.i.e.AbstractTransferListenerAdapter - Downloaded https://repo.maven.apache.org/maven2/org/apache/maven/maven-repository-metadata/3.0/maven-repository-metadata-3.0.pom
2026-03-10 12:51:39,225 [Worker-41: Enabling Maven Dependency Management] INFO  o.e.m.c.i.e.AbstractTransferListenerAdapter - Downloaded https://repo.maven.apache.org/maven2/org/apache/maven/maven-model-builder/3.0/maven-model-builder-3.0.pom
2026-03-10 12:51:39,334 [Worker-41: Enabling Maven Dependency Management] INFO  o.e.m.c.i.e.AbstractTransferListenerAdapter - Downloaded https://repo.maven.apache.org/maven2/org/apache/maven/maven-aether-provider/3.0/maven-aether-provider-3.0.pom
2026-03-10 12:51:39,449 [Worker-41: Enabling Maven Dependency Management] INFO  o.e.m.c.i.e.AbstractTransferListenerAdapter - Downloaded https://repo.maven.apache.org/maven2/org/sonatype/aether/aether-api/1.7/aether-api-1.7.pom
2026-03-10 12:51:39,557 [Worker-41: Enabling Maven Dependency Management] INFO  o.e.m.c.i.e.AbstractTransferListenerAdapter - Downloaded https://repo.maven.apache.org/maven2/org/sonatype/aether/aether-parent/1.7/aether-parent-1.7.pom
2026-03-10 12:51:39,670 [Worker-41: Enabling Maven Dependency Management] INFO  o.e.m.c.i.e.AbstractTransferListenerAdapter - Downloaded https://repo.maven.apache.org/maven2/org/sonatype/aether/aether-util/1.7/aether-util-1.7.pom
2026-03-10 12:51:39,805 [Worker-41: Enabling Maven Dependency Management] INFO  o.e.m.c.i.e.AbstractTransferListenerAdapter - Downloaded https://repo.maven.apache.org/maven2/org/sonatype/aether/aether-impl/1.7/aether-impl-1.7.pom
2026-03-10 12:51:39,948 [Worker-41: Enabling Maven Dependency Management] INFO  o.e.m.c.i.e.AbstractTransferListenerAdapter - Downloaded https://repo.maven.apache.org/maven2/org/sonatype/aether/aether-spi/1.7/aether-spi-1.7.pom
2026-03-10 12:51:40,086 [Worker-41: Enabling Maven Dependency Management] INFO  o.e.m.c.i.e.AbstractTransferListenerAdapter - Downloaded https://repo.maven.apache.org/maven2/org/apache/maven/shared/maven-shared-utils/3.2.1/maven-shared-utils-3.2.1.pom
2026-03-10 12:51:40,213 [Worker-41: Enabling Maven Dependency Management] INFO  o.e.m.c.i.e.AbstractTransferListenerAdapter - Downloaded https://repo.maven.apache.org/maven2/org/apache/maven/shared/maven-shared-components/30/maven-shared-components-30.pom
2026-03-10 12:51:40,343 [Worker-41: Enabling Maven Dependency Management] INFO  o.e.m.c.i.e.AbstractTransferListenerAdapter - Downloaded https://repo.maven.apache.org/maven2/org/apache/maven/maven-parent/30/maven-parent-30.pom
2026-03-10 12:51:40,479 [Worker-41: Enabling Maven Dependency Management] INFO  o.e.m.c.i.e.AbstractTransferListenerAdapter - Downloaded https://repo.maven.apache.org/maven2/commons-io/commons-io/2.5/commons-io-2.5.pom
2026-03-10 12:51:40,744 [Worker-41: Enabling Maven Dependency Management] INFO  o.e.m.c.i.e.AbstractTransferListenerAdapter - Downloaded https://repo.maven.apache.org/maven2/org/codehaus/plexus/plexus-java/0.9.10/plexus-java-0.9.10.pom
2026-03-10 12:51:40,849 [Worker-41: Enabling Maven Dependency Management] INFO  o.e.m.c.i.e.AbstractTransferListenerAdapter - Downloaded https://repo.maven.apache.org/maven2/org/codehaus/plexus/plexus-languages/0.9.10/plexus-languages-0.9.10.pom
2026-03-10 12:51:40,958 [Worker-41: Enabling Maven Dependency Management] INFO  o.e.m.c.i.e.AbstractTransferListenerAdapter - Downloaded https://repo.maven.apache.org/maven2/org/ow2/asm/asm/6.2/asm-6.2.pom
2026-03-10 12:51:41,083 [Worker-41: Enabling Maven Dependency Management] INFO  o.e.m.c.i.e.AbstractTransferListenerAdapter - Downloaded https://repo.maven.apache.org/maven2/org/ow2/ow2/1.5/ow2-1.5.pom
2026-03-10 12:51:41,223 [Worker-41: Enabling Maven Dependency Management] INFO  o.e.m.c.i.e.AbstractTransferListenerAdapter - Downloaded https://repo.maven.apache.org/maven2/com/thoughtworks/qdox/qdox/2.0-M9/qdox-2.0-M9.pom
2026-03-10 12:51:41,367 [Worker-41: Enabling Maven Dependency Management] INFO  o.e.m.c.i.e.AbstractTransferListenerAdapter - Downloaded https://repo.maven.apache.org/maven2/org/codehaus/plexus/plexus-compiler-api/2.8.4/plexus-compiler-api-2.8.4.pom
2026-03-10 12:51:41,498 [Worker-41: Enabling Maven Dependency Management] INFO  o.e.m.c.i.e.AbstractTransferListenerAdapter - Downloaded https://repo.maven.apache.org/maven2/org/codehaus/plexus/plexus-compiler/2.8.4/plexus-compiler-2.8.4.pom
2026-03-10 12:51:41,628 [Worker-41: Enabling Maven Dependency Management] INFO  o.e.m.c.i.e.AbstractTransferListenerAdapter - Downloaded https://repo.maven.apache.org/maven2/org/codehaus/plexus/plexus-components/4.0/plexus-components-4.0.pom
2026-03-10 12:51:41,762 [Worker-41: Enabling Maven Dependency Management] INFO  o.e.m.c.i.e.AbstractTransferListenerAdapter - Downloaded https://repo.maven.apache.org/maven2/org/codehaus/plexus/plexus-utils/3.0.22/plexus-utils-3.0.22.pom
2026-03-10 12:51:41,906 [Worker-41: Enabling Maven Dependency Management] INFO  o.e.m.c.i.e.AbstractTransferListenerAdapter - Downloaded https://repo.maven.apache.org/maven2/org/codehaus/plexus/plexus-compiler-manager/2.8.4/plexus-compiler-manager-2.8.4.pom
2026-03-10 12:51:42,033 [Worker-41: Enabling Maven Dependency Management] INFO  o.e.m.c.i.e.AbstractTransferListenerAdapter - Downloaded https://repo.maven.apache.org/maven2/org/codehaus/plexus/plexus-compiler-javac/2.8.4/plexus-compiler-javac-2.8.4.pom
2026-03-10 12:51:42,163 [Worker-41: Enabling Maven Dependency Management] INFO  o.e.m.c.i.e.AbstractTransferListenerAdapter - Downloaded https://repo.maven.apache.org/maven2/org/codehaus/plexus/plexus-compilers/2.8.4/plexus-compilers-2.8.4.pom
2026-03-10 12:51:42,285 [AetherRepositoryConnector-repo.maven.apache.org-0-0] INFO  o.e.m.c.i.e.AbstractTransferListenerAdapter - Downloading https://repo.maven.apache.org/maven2/org/apache/maven/maven-plugin-api/3.0/maven-plugin-api-3.0.jar
2026-03-10 12:51:42,326 [AetherRepositoryConnector-repo.maven.apache.org-0-3] INFO  o.e.m.c.i.e.AbstractTransferListenerAdapter - Downloading https://repo.maven.apache.org/maven2/org/sonatype/sisu/sisu-inject-bean/1.4.2/sisu-inject-bean-1.4.2.jar
2026-03-10 12:51:42,375 [AetherRepositoryConnector-repo.maven.apache.org-0-4] INFO  o.e.m.c.i.e.AbstractTransferListenerAdapter - Downloading https://repo.maven.apache.org/maven2/org/sonatype/sisu/sisu-guice/2.1.7/sisu-guice-2.1.7-noaop.jar
2026-03-10 12:51:42,375 [AetherRepositoryConnector-repo.maven.apache.org-0-1] INFO  o.e.m.c.i.e.AbstractTransferListenerAdapter - Downloading https://repo.maven.apache.org/maven2/org/apache/maven/maven-model/3.0/maven-model-3.0.jar
2026-03-10 12:51:42,375 [AetherRepositoryConnector-repo.maven.apache.org-0-2] INFO  o.e.m.c.i.e.AbstractTransferListenerAdapter - Downloading https://repo.maven.apache.org/maven2/org/sonatype/sisu/sisu-inject-plexus/1.4.2/sisu-inject-plexus-1.4.2.jar
2026-03-10 12:51:42,902 [AetherRepositoryConnector-repo.maven.apache.org-0-0] INFO  o.e.m.c.i.e.AbstractTransferListenerAdapter - Downloaded https://repo.maven.apache.org/maven2/org/apache/maven/maven-plugin-api/3.0/maven-plugin-api-3.0.jar
2026-03-10 12:51:42,991 [AetherRepositoryConnector-repo.maven.apache.org-0-3] INFO  o.e.m.c.i.e.AbstractTransferListenerAdapter - Downloaded https://repo.maven.apache.org/maven2/org/sonatype/sisu/sisu-inject-bean/1.4.2/sisu-inject-bean-1.4.2.jar
2026-03-10 12:51:43,017 [AetherRepositoryConnector-repo.maven.apache.org-0-0] INFO  o.e.m.c.i.e.AbstractTransferListenerAdapter - Downloading https://repo.maven.apache.org/maven2/org/apache/maven/maven-artifact/3.0/maven-artifact-3.0.jar
2026-03-10 12:51:43,051 [AetherRepositoryConnector-repo.maven.apache.org-0-2] INFO  o.e.m.c.i.e.AbstractTransferListenerAdapter - Downloaded https://repo.maven.apache.org/maven2/org/sonatype/sisu/sisu-inject-plexus/1.4.2/sisu-inject-plexus-1.4.2.jar
2026-03-10 12:51:43,071 [AetherRepositoryConnector-repo.maven.apache.org-0-1] INFO  o.e.m.c.i.e.AbstractTransferListenerAdapter - Downloaded https://repo.maven.apache.org/maven2/org/apache/maven/maven-model/3.0/maven-model-3.0.jar
2026-03-10 12:51:43,082 [AetherRepositoryConnector-repo.maven.apache.org-0-3] INFO  o.e.m.c.i.e.AbstractTransferListenerAdapter - Downloading https://repo.maven.apache.org/maven2/org/codehaus/plexus/plexus-utils/2.0.4/plexus-utils-2.0.4.jar
2026-03-10 12:51:43,151 [AetherRepositoryConnector-repo.maven.apache.org-0-2] INFO  o.e.m.c.i.e.AbstractTransferListenerAdapter - Downloading https://repo.maven.apache.org/maven2/org/apache/maven/maven-core/3.0/maven-core-3.0.jar
2026-03-10 12:51:43,190 [AetherRepositoryConnector-repo.maven.apache.org-0-1] INFO  o.e.m.c.i.e.AbstractTransferListenerAdapter - Downloading https://repo.maven.apache.org/maven2/org/apache/maven/maven-settings/3.0/maven-settings-3.0.jar
2026-03-10 12:51:43,348 [AetherRepositoryConnector-repo.maven.apache.org-0-4] INFO  o.e.m.c.i.e.AbstractTransferListenerAdapter - Downloaded https://repo.maven.apache.org/maven2/org/sonatype/sisu/sisu-guice/2.1.7/sisu-guice-2.1.7-noaop.jar
2026-03-10 12:51:43,428 [AetherRepositoryConnector-repo.maven.apache.org-0-0] INFO  o.e.m.c.i.e.AbstractTransferListenerAdapter - Downloaded https://repo.maven.apache.org/maven2/org/apache/maven/maven-artifact/3.0/maven-artifact-3.0.jar
2026-03-10 12:51:43,484 [AetherRepositoryConnector-repo.maven.apache.org-0-4] INFO  o.e.m.c.i.e.AbstractTransferListenerAdapter - Downloading https://repo.maven.apache.org/maven2/org/apache/maven/maven-settings-builder/3.0/maven-settings-builder-3.0.jar
2026-03-10 12:51:43,611 [AetherRepositoryConnector-repo.maven.apache.org-0-0] INFO  o.e.m.c.i.e.AbstractTransferListenerAdapter - Downloading https://repo.maven.apache.org/maven2/org/apache/maven/maven-repository-metadata/3.0/maven-repository-metadata-3.0.jar
2026-03-10 12:51:43,616 [AetherRepositoryConnector-repo.maven.apache.org-0-1] INFO  o.e.m.c.i.e.AbstractTransferListenerAdapter - Downloaded https://repo.maven.apache.org/maven2/org/apache/maven/maven-settings/3.0/maven-settings-3.0.jar
2026-03-10 12:51:43,617 [AetherRepositoryConnector-repo.maven.apache.org-0-3] INFO  o.e.m.c.i.e.AbstractTransferListenerAdapter - Downloaded https://repo.maven.apache.org/maven2/org/codehaus/plexus/plexus-utils/2.0.4/plexus-utils-2.0.4.jar
2026-03-10 12:51:43,682 [AetherRepositoryConnector-repo.maven.apache.org-0-1] INFO  o.e.m.c.i.e.AbstractTransferListenerAdapter - Downloading https://repo.maven.apache.org/maven2/org/apache/maven/maven-model-builder/3.0/maven-model-builder-3.0.jar
2026-03-10 12:51:43,687 [AetherRepositoryConnector-repo.maven.apache.org-0-4] INFO  o.e.m.c.i.e.AbstractTransferListenerAdapter - Downloaded https://repo.maven.apache.org/maven2/org/apache/maven/maven-settings-builder/3.0/maven-settings-builder-3.0.jar
2026-03-10 12:51:43,741 [AetherRepositoryConnector-repo.maven.apache.org-0-3] INFO  o.e.m.c.i.e.AbstractTransferListenerAdapter - Downloading https://repo.maven.apache.org/maven2/org/apache/maven/maven-aether-provider/3.0/maven-aether-provider-3.0.jar
2026-03-10 12:51:43,782 [AetherRepositoryConnector-repo.maven.apache.org-0-4] INFO  o.e.m.c.i.e.AbstractTransferListenerAdapter - Downloading https://repo.maven.apache.org/maven2/org/sonatype/aether/aether-impl/1.7/aether-impl-1.7.jar
2026-03-10 12:51:43,850 [AetherRepositoryConnector-repo.maven.apache.org-0-0] INFO  o.e.m.c.i.e.AbstractTransferListenerAdapter - Downloaded https://repo.maven.apache.org/maven2/org/apache/maven/maven-repository-metadata/3.0/maven-repository-metadata-3.0.jar
2026-03-10 12:51:43,850 [AetherRepositoryConnector-repo.maven.apache.org-0-2] INFO  o.e.m.c.i.e.AbstractTransferListenerAdapter - Downloaded https://repo.maven.apache.org/maven2/org/apache/maven/maven-core/3.0/maven-core-3.0.jar
2026-03-10 12:51:43,909 [AetherRepositoryConnector-repo.maven.apache.org-0-3] INFO  o.e.m.c.i.e.AbstractTransferListenerAdapter - Downloaded https://repo.maven.apache.org/maven2/org/apache/maven/maven-aether-provider/3.0/maven-aether-provider-3.0.jar
2026-03-10 12:51:43,951 [AetherRepositoryConnector-repo.maven.apache.org-0-2] INFO  o.e.m.c.i.e.AbstractTransferListenerAdapter - Downloading https://repo.maven.apache.org/maven2/org/sonatype/aether/aether-api/1.7/aether-api-1.7.jar
2026-03-10 12:51:44,005 [AetherRepositoryConnector-repo.maven.apache.org-0-0] INFO  o.e.m.c.i.e.AbstractTransferListenerAdapter - Downloading https://repo.maven.apache.org/maven2/org/sonatype/aether/aether-spi/1.7/aether-spi-1.7.jar
2026-03-10 12:51:44,012 [AetherRepositoryConnector-repo.maven.apache.org-0-3] INFO  o.e.m.c.i.e.AbstractTransferListenerAdapter - Downloading https://repo.maven.apache.org/maven2/org/sonatype/aether/aether-util/1.7/aether-util-1.7.jar
2026-03-10 12:51:44,016 [AetherRepositoryConnector-repo.maven.apache.org-0-4] INFO  o.e.m.c.i.e.AbstractTransferListenerAdapter - Downloaded https://repo.maven.apache.org/maven2/org/sonatype/aether/aether-impl/1.7/aether-impl-1.7.jar
2026-03-10 12:51:44,017 [AetherRepositoryConnector-repo.maven.apache.org-0-1] INFO  o.e.m.c.i.e.AbstractTransferListenerAdapter - Downloaded https://repo.maven.apache.org/maven2/org/apache/maven/maven-model-builder/3.0/maven-model-builder-3.0.jar
2026-03-10 12:51:44,118 [AetherRepositoryConnector-repo.maven.apache.org-0-4] INFO  o.e.m.c.i.e.AbstractTransferListenerAdapter - Downloading https://repo.maven.apache.org/maven2/org/codehaus/plexus/plexus-interpolation/1.14/plexus-interpolation-1.14.jar
2026-03-10 12:51:44,124 [AetherRepositoryConnector-repo.maven.apache.org-0-0] INFO  o.e.m.c.i.e.AbstractTransferListenerAdapter - Downloaded https://repo.maven.apache.org/maven2/org/sonatype/aether/aether-spi/1.7/aether-spi-1.7.jar
2026-03-10 12:51:44,167 [AetherRepositoryConnector-repo.maven.apache.org-0-1] INFO  o.e.m.c.i.e.AbstractTransferListenerAdapter - Downloading https://repo.maven.apache.org/maven2/org/codehaus/plexus/plexus-classworlds/2.2.3/plexus-classworlds-2.2.3.jar
2026-03-10 12:51:44,173 [AetherRepositoryConnector-repo.maven.apache.org-0-2] INFO  o.e.m.c.i.e.AbstractTransferListenerAdapter - Downloaded https://repo.maven.apache.org/maven2/org/sonatype/aether/aether-api/1.7/aether-api-1.7.jar
2026-03-10 12:51:44,189 [AetherRepositoryConnector-repo.maven.apache.org-0-3] INFO  o.e.m.c.i.e.AbstractTransferListenerAdapter - Downloaded https://repo.maven.apache.org/maven2/org/sonatype/aether/aether-util/1.7/aether-util-1.7.jar
2026-03-10 12:51:44,196 [AetherRepositoryConnector-repo.maven.apache.org-0-0] INFO  o.e.m.c.i.e.AbstractTransferListenerAdapter - Downloading https://repo.maven.apache.org/maven2/org/codehaus/plexus/plexus-component-annotations/1.7.1/plexus-component-annotations-1.7.1.jar
2026-03-10 12:51:44,234 [AetherRepositoryConnector-repo.maven.apache.org-0-2] INFO  o.e.m.c.i.e.AbstractTransferListenerAdapter - Downloading https://repo.maven.apache.org/maven2/org/sonatype/plexus/plexus-sec-dispatcher/1.3/plexus-sec-dispatcher-1.3.jar
2026-03-10 12:51:44,238 [AetherRepositoryConnector-repo.maven.apache.org-0-4] INFO  o.e.m.c.i.e.AbstractTransferListenerAdapter - Downloaded https://repo.maven.apache.org/maven2/org/codehaus/plexus/plexus-interpolation/1.14/plexus-interpolation-1.14.jar
2026-03-10 12:51:44,249 [AetherRepositoryConnector-repo.maven.apache.org-0-3] INFO  o.e.m.c.i.e.AbstractTransferListenerAdapter - Downloading https://repo.maven.apache.org/maven2/org/sonatype/plexus/plexus-cipher/1.4/plexus-cipher-1.4.jar
2026-03-10 12:51:44,257 [AetherRepositoryConnector-repo.maven.apache.org-0-1] INFO  o.e.m.c.i.e.AbstractTransferListenerAdapter - Downloaded https://repo.maven.apache.org/maven2/org/codehaus/plexus/plexus-classworlds/2.2.3/plexus-classworlds-2.2.3.jar
2026-03-10 12:51:44,275 [AetherRepositoryConnector-repo.maven.apache.org-0-0] INFO  o.e.m.c.i.e.AbstractTransferListenerAdapter - Downloaded https://repo.maven.apache.org/maven2/org/codehaus/plexus/plexus-component-annotations/1.7.1/plexus-component-annotations-1.7.1.jar
2026-03-10 12:51:44,297 [AetherRepositoryConnector-repo.maven.apache.org-0-4] INFO  o.e.m.c.i.e.AbstractTransferListenerAdapter - Downloading https://repo.maven.apache.org/maven2/org/apache/maven/shared/maven-shared-utils/3.2.1/maven-shared-utils-3.2.1.jar
2026-03-10 12:51:44,350 [AetherRepositoryConnector-repo.maven.apache.org-0-1] INFO  o.e.m.c.i.e.AbstractTransferListenerAdapter - Downloading https://repo.maven.apache.org/maven2/commons-io/commons-io/2.5/commons-io-2.5.jar
2026-03-10 12:51:44,386 [AetherRepositoryConnector-repo.maven.apache.org-0-0] INFO  o.e.m.c.i.e.AbstractTransferListenerAdapter - Downloading https://repo.maven.apache.org/maven2/org/codehaus/plexus/plexus-java/0.9.10/plexus-java-0.9.10.jar
2026-03-10 12:51:44,552 [AetherRepositoryConnector-repo.maven.apache.org-0-2] INFO  o.e.m.c.i.e.AbstractTransferListenerAdapter - Downloaded https://repo.maven.apache.org/maven2/org/sonatype/plexus/plexus-sec-dispatcher/1.3/plexus-sec-dispatcher-1.3.jar
2026-03-10 12:51:44,552 [AetherRepositoryConnector-repo.maven.apache.org-0-3] INFO  o.e.m.c.i.e.AbstractTransferListenerAdapter - Downloaded https://repo.maven.apache.org/maven2/org/sonatype/plexus/plexus-cipher/1.4/plexus-cipher-1.4.jar
2026-03-10 12:51:44,614 [AetherRepositoryConnector-repo.maven.apache.org-0-0] INFO  o.e.m.c.i.e.AbstractTransferListenerAdapter - Downloaded https://repo.maven.apache.org/maven2/org/codehaus/plexus/plexus-java/0.9.10/plexus-java-0.9.10.jar
2026-03-10 12:51:44,652 [AetherRepositoryConnector-repo.maven.apache.org-0-2] INFO  o.e.m.c.i.e.AbstractTransferListenerAdapter - Downloading https://repo.maven.apache.org/maven2/org/ow2/asm/asm/6.2/asm-6.2.jar
2026-03-10 12:51:44,716 [AetherRepositoryConnector-repo.maven.apache.org-0-3] INFO  o.e.m.c.i.e.AbstractTransferListenerAdapter - Downloading https://repo.maven.apache.org/maven2/com/thoughtworks/qdox/qdox/2.0-M9/qdox-2.0-M9.jar
2026-03-10 12:51:44,750 [AetherRepositoryConnector-repo.maven.apache.org-0-0] INFO  o.e.m.c.i.e.AbstractTransferListenerAdapter - Downloading https://repo.maven.apache.org/maven2/org/codehaus/plexus/plexus-compiler-api/2.8.4/plexus-compiler-api-2.8.4.jar
2026-03-10 12:51:44,881 [AetherRepositoryConnector-repo.maven.apache.org-0-4] INFO  o.e.m.c.i.e.AbstractTransferListenerAdapter - Downloaded https://repo.maven.apache.org/maven2/org/apache/maven/shared/maven-shared-utils/3.2.1/maven-shared-utils-3.2.1.jar
2026-03-10 12:51:44,881 [AetherRepositoryConnector-repo.maven.apache.org-0-1] INFO  o.e.m.c.i.e.AbstractTransferListenerAdapter - Downloaded https://repo.maven.apache.org/maven2/commons-io/commons-io/2.5/commons-io-2.5.jar
2026-03-10 12:51:44,930 [AetherRepositoryConnector-repo.maven.apache.org-0-2] INFO  o.e.m.c.i.e.AbstractTransferListenerAdapter - Downloaded https://repo.maven.apache.org/maven2/org/ow2/asm/asm/6.2/asm-6.2.jar
2026-03-10 12:51:44,967 [AetherRepositoryConnector-repo.maven.apache.org-0-4] INFO  o.e.m.c.i.e.AbstractTransferListenerAdapter - Downloading https://repo.maven.apache.org/maven2/org/codehaus/plexus/plexus-compiler-manager/2.8.4/plexus-compiler-manager-2.8.4.jar
2026-03-10 12:51:44,970 [AetherRepositoryConnector-repo.maven.apache.org-0-0] INFO  o.e.m.c.i.e.AbstractTransferListenerAdapter - Downloaded https://repo.maven.apache.org/maven2/org/codehaus/plexus/plexus-compiler-api/2.8.4/plexus-compiler-api-2.8.4.jar
2026-03-10 12:51:44,973 [AetherRepositoryConnector-repo.maven.apache.org-0-1] INFO  o.e.m.c.i.e.AbstractTransferListenerAdapter - Downloading https://repo.maven.apache.org/maven2/org/codehaus/plexus/plexus-compiler-javac/2.8.4/plexus-compiler-javac-2.8.4.jar
2026-03-10 12:51:45,003 [AetherRepositoryConnector-repo.maven.apache.org-0-3] INFO  o.e.m.c.i.e.AbstractTransferListenerAdapter - Downloaded https://repo.maven.apache.org/maven2/com/thoughtworks/qdox/qdox/2.0-M9/qdox-2.0-M9.jar
2026-03-10 12:51:45,030 [AetherRepositoryConnector-repo.maven.apache.org-0-4] INFO  o.e.m.c.i.e.AbstractTransferListenerAdapter - Downloaded https://repo.maven.apache.org/maven2/org/codehaus/plexus/plexus-compiler-manager/2.8.4/plexus-compiler-manager-2.8.4.jar
2026-03-10 12:51:45,049 [AetherRepositoryConnector-repo.maven.apache.org-0-1] INFO  o.e.m.c.i.e.AbstractTransferListenerAdapter - Downloaded https://repo.maven.apache.org/maven2/org/codehaus/plexus/plexus-compiler-javac/2.8.4/plexus-compiler-javac-2.8.4.jar
2026-03-10 12:51:48,773 [Worker-41: Enabling Maven Dependency Management] INFO  o.e.m.c.i.l.LifecycleMappingFactory - Using org.eclipse.m2e.jdt.JarLifecycleMapping lifecycle mapping for MavenProject: GitDemoProject1:GitDemoProject1:0.0.1-SNAPSHOT @ C:\Users\SCLPT 123\eclipse-workspace\GitDemoProject1\pom.xml.
2026-03-10 12:51:49,037 [Worker-41: Enabling Maven Dependency Management] INFO  o.e.m.j.i.AbstractJavaProjectConfigurator - Adding source folder /GitDemoProject1/src
2026-03-10 12:51:49,038 [Worker-41: Enabling Maven Dependency Management] INFO  o.e.m.j.i.AbstractJavaProjectConfigurator - Not adding source folder /GitDemoProject1/src/test/java because it overlaps with /GitDemoProject1/src
2026-03-10 12:51:49,146 [Worker-41: Enabling Maven Dependency Management] INFO  o.e.m.c.i.p.ProjectConfigurationManager - Update started
2026-03-10 12:51:49,604 [Worker-41: Enabling Maven Dependency Management] INFO  o.e.m.c.i.l.LifecycleMappingFactory - Using org.eclipse.m2e.jdt.JarLifecycleMapping lifecycle mapping for MavenProject: GitDemoProject1:GitDemoProject1:0.0.1-SNAPSHOT @ C:\Users\SCLPT 123\eclipse-workspace\GitDemoProject1\pom.xml.
2026-03-10 12:51:49,735 [Worker-41: Enabling Maven Dependency Management] INFO  o.e.m.j.i.AbstractJavaProjectConfigurator - Adding source folder /GitDemoProject1/src
2026-03-10 12:51:49,736 [Worker-41: Enabling Maven Dependency Management] INFO  o.e.m.j.i.AbstractJavaProjectConfigurator - Not adding source folder /GitDemoProject1/src/test/java because it overlaps with /GitDemoProject1/src
2026-03-10 12:51:49,782 [Worker-41: Enabling Maven Dependency Management] INFO  o.e.m.c.i.p.ProjectConfigurationManager - Update completed: 0 sec
2026-03-10 12:51:49,895 [Worker-44: Building] WARN  o.e.m.c.i.embedder.EclipseLogger - Using platform encoding (UTF-8 actually) to copy filtered resources, i.e. build is platform dependent!
2026-03-10 12:51:49,896 [Worker-44: Building] INFO  o.e.m.c.i.embedder.EclipseLogger - skip non existing resourceDirectory C:\Users\SCLPT 123\eclipse-workspace\GitDemoProject1\src\main\resources
2026-03-10 12:51:49,898 [Worker-44: Building] WARN  o.e.m.c.i.embedder.EclipseLogger - Using platform encoding (UTF-8 actually) to copy filtered resources, i.e. build is platform dependent!
2026-03-10 12:51:49,898 [Worker-44: Building] INFO  o.e.m.c.i.embedder.EclipseLogger - skip non existing resourceDirectory C:\Users\SCLPT 123\eclipse-workspace\GitDemoProject1\src\test\resources
2026-03-10 12:51:56,897 [Worker-39: Updating Maven Project] INFO  o.e.m.c.i.p.ProjectConfigurationManager - Update started
2026-03-10 12:51:57,275 [Worker-39: Updating Maven Project] INFO  o.e.m.c.i.l.LifecycleMappingFactory - Using org.eclipse.m2e.jdt.JarLifecycleMapping lifecycle mapping for MavenProject: Opencart:Opencart:0.0.1-SNAPSHOT @ C:\Users\SCLPT 123\eclipse-workspace\Opencart\pom.xml.
2026-03-10 12:51:57,734 [Worker-39: Updating Maven Project] INFO  o.e.m.c.i.l.LifecycleMappingFactory - Using org.eclipse.m2e.jdt.JarLifecycleMapping lifecycle mapping for MavenProject: GitDemoProject1:GitDemoProject1:0.0.1-SNAPSHOT @ C:\Users\SCLPT 123\eclipse-workspace\GitDemoProject1\pom.xml.
2026-03-10 12:51:58,136 [Worker-39: Updating Maven Project] INFO  o.e.m.j.i.AbstractJavaProjectConfigurator - Adding source folder /GitDemoProject1/src
2026-03-10 12:51:58,137 [Worker-39: Updating Maven Project] INFO  o.e.m.j.i.AbstractJavaProjectConfigurator - Not adding source folder /GitDemoProject1/src/test/java because it overlaps with /GitDemoProject1/src
2026-03-10 12:51:58,185 [Worker-39: Updating Maven Project] INFO  o.e.m.c.i.p.ProjectConfigurationManager - Update completed: 1 sec
2026-03-10 12:51:58,314 [Worker-39: Building] WARN  o.e.m.c.i.embedder.EclipseLogger - Using platform encoding (UTF-8 actually) to copy filtered resources, i.e. build is platform dependent!
2026-03-10 12:51:58,316 [Worker-39: Building] INFO  o.e.m.c.i.embedder.EclipseLogger - skip non existing resourceDirectory C:\Users\SCLPT 123\eclipse-workspace\GitDemoProject1\src\main\resources
2026-03-10 12:51:58,319 [Worker-39: Building] WARN  o.e.m.c.i.embedder.EclipseLogger - Using platform encoding (UTF-8 actually) to copy filtered resources, i.e. build is platform dependent!
2026-03-10 12:51:58,320 [Worker-39: Building] INFO  o.e.m.c.i.embedder.EclipseLogger - skip non existing resourceDirectory C:\Users\SCLPT 123\eclipse-workspace\GitDemoProject1\src\test\resources
2026-03-10 12:51:58,555 [Worker-39: Building] WARN  o.e.m.c.i.embedder.EclipseLogger - Using platform encoding (UTF-8 actually) to copy filtered resources, i.e. build is platform dependent!
2026-03-10 12:51:58,557 [Worker-39: Building] INFO  o.e.m.c.i.embedder.EclipseLogger - skip non existing resourceDirectory C:\Users\SCLPT 123\eclipse-workspace\Opencart\src\main\resources
2026-03-10 12:51:58,558 [Worker-39: Building] WARN  o.e.m.c.i.embedder.EclipseLogger - Using platform encoding (UTF-8 actually) to copy filtered resources, i.e. build is platform dependent!
2026-03-10 12:51:58,561 [Worker-39: Building] INFO  o.e.m.c.i.embedder.EclipseLogger - Copying 0 resource
2026-03-10 12:52:15,300 [Worker-41: Updating Maven Project] INFO  o.e.m.c.i.p.ProjectConfigurationManager - Update started
2026-03-10 12:52:15,514 [Worker-41: Updating Maven Project] INFO  o.e.m.c.i.l.LifecycleMappingFactory - Using org.eclipse.m2e.jdt.JarLifecycleMapping lifecycle mapping for MavenProject: Opencart:Opencart:0.0.1-SNAPSHOT @ C:\Users\SCLPT 123\eclipse-workspace\Opencart\pom.xml.
2026-03-10 12:52:15,878 [Worker-41: Updating Maven Project] INFO  o.e.m.c.i.l.LifecycleMappingFactory - Using org.eclipse.m2e.jdt.JarLifecycleMapping lifecycle mapping for MavenProject: GitDemoProject1:GitDemoProject1:0.0.1-SNAPSHOT @ C:\Users\SCLPT 123\eclipse-workspace\GitDemoProject1\pom.xml.
2026-03-10 12:52:16,272 [Worker-41: Updating Maven Project] INFO  o.e.m.j.i.AbstractJavaProjectConfigurator - Adding source folder /GitDemoProject1/src
2026-03-10 12:52:16,273 [Worker-41: Updating Maven Project] INFO  o.e.m.j.i.AbstractJavaProjectConfigurator - Not adding source folder /GitDemoProject1/src/test/java because it overlaps with /GitDemoProject1/src
2026-03-10 12:52:16,336 [Worker-41: Updating Maven Project] INFO  o.e.m.c.i.p.ProjectConfigurationManager - Update completed: 1 sec
2026-03-10 12:52:16,540 [Worker-41: Building] WARN  o.e.m.c.i.embedder.EclipseLogger - Using platform encoding (UTF-8 actually) to copy filtered resources, i.e. build is platform dependent!
2026-03-10 12:52:16,541 [Worker-41: Building] INFO  o.e.m.c.i.embedder.EclipseLogger - skip non existing resourceDirectory C:\Users\SCLPT 123\eclipse-workspace\GitDemoProject1\src\main\resources
2026-03-10 12:52:16,544 [Worker-41: Building] WARN  o.e.m.c.i.embedder.EclipseLogger - Using platform encoding (UTF-8 actually) to copy filtered resources, i.e. build is platform dependent!
2026-03-10 12:52:16,545 [Worker-41: Building] INFO  o.e.m.c.i.embedder.EclipseLogger - skip non existing resourceDirectory C:\Users\SCLPT 123\eclipse-workspace\GitDemoProject1\src\test\resources
2026-03-10 12:52:16,785 [Worker-41: Building] WARN  o.e.m.c.i.embedder.EclipseLogger - Using platform encoding (UTF-8 actually) to copy filtered resources, i.e. build is platform dependent!
2026-03-10 12:52:16,787 [Worker-41: Building] INFO  o.e.m.c.i.embedder.EclipseLogger - skip non existing resourceDirectory C:\Users\SCLPT 123\eclipse-workspace\Opencart\src\main\resources
2026-03-10 12:52:16,787 [Worker-41: Building] WARN  o.e.m.c.i.embedder.EclipseLogger - Using platform encoding (UTF-8 actually) to copy filtered resources, i.e. build is platform dependent!
2026-03-10 12:52:16,789 [Worker-41: Building] INFO  o.e.m.c.i.embedder.EclipseLogger - Copying 0 resource
2026-03-10 12:52:30,776 [Worker-43: Updating Maven Project] INFO  o.e.m.c.i.p.ProjectConfigurationManager - Update started
2026-03-10 12:52:30,953 [Worker-43: Updating Maven Project] INFO  o.e.m.c.i.l.LifecycleMappingFactory - Using org.eclipse.m2e.jdt.JarLifecycleMapping lifecycle mapping for MavenProject: Opencart:Opencart:0.0.1-SNAPSHOT @ C:\Users\SCLPT 123\eclipse-workspace\Opencart\pom.xml.
2026-03-10 12:52:31,227 [Worker-43: Updating Maven Project] INFO  o.e.m.c.i.l.LifecycleMappingFactory - Using org.eclipse.m2e.jdt.JarLifecycleMapping lifecycle mapping for MavenProject: GitDemoProject1:GitDemoProject1:0.0.1-SNAPSHOT @ C:\Users\SCLPT 123\eclipse-workspace\GitDemoProject1\pom.xml.
2026-03-10 12:52:31,590 [Worker-43: Updating Maven Project] INFO  o.e.m.j.i.AbstractJavaProjectConfigurator - Adding source folder /GitDemoProject1/src
2026-03-10 12:52:31,590 [Worker-43: Updating Maven Project] INFO  o.e.m.j.i.AbstractJavaProjectConfigurator - Not adding source folder /GitDemoProject1/src/test/java because it overlaps with /GitDemoProject1/src
2026-03-10 12:52:31,636 [Worker-43: Updating Maven Project] INFO  o.e.m.c.i.p.ProjectConfigurationManager - Update completed: 0 sec
2026-03-10 12:52:31,755 [Worker-42: Building] WARN  o.e.m.c.i.embedder.EclipseLogger - Using platform encoding (UTF-8 actually) to copy filtered resources, i.e. build is platform dependent!
2026-03-10 12:52:31,756 [Worker-42: Building] INFO  o.e.m.c.i.embedder.EclipseLogger - skip non existing resourceDirectory C:\Users\SCLPT 123\eclipse-workspace\GitDemoProject1\src\main\resources
2026-03-10 12:52:31,757 [Worker-42: Building] WARN  o.e.m.c.i.embedder.EclipseLogger - Using platform encoding (UTF-8 actually) to copy filtered resources, i.e. build is platform dependent!
2026-03-10 12:52:31,758 [Worker-42: Building] INFO  o.e.m.c.i.embedder.EclipseLogger - skip non existing resourceDirectory C:\Users\SCLPT 123\eclipse-workspace\GitDemoProject1\src\test\resources
2026-03-10 12:52:31,930 [Worker-42: Building] WARN  o.e.m.c.i.embedder.EclipseLogger - Using platform encoding (UTF-8 actually) to copy filtered resources, i.e. build is platform dependent!
2026-03-10 12:52:31,931 [Worker-42: Building] INFO  o.e.m.c.i.embedder.EclipseLogger - skip non existing resourceDirectory C:\Users\SCLPT 123\eclipse-workspace\Opencart\src\main\resources
2026-03-10 12:52:31,932 [Worker-42: Building] WARN  o.e.m.c.i.embedder.EclipseLogger - Using platform encoding (UTF-8 actually) to copy filtered resources, i.e. build is platform dependent!
2026-03-10 12:52:31,933 [Worker-42: Building] INFO  o.e.m.c.i.embedder.EclipseLogger - Copying 0 resource
2026-03-10 12:53:57,582 [Worker-45: Building] WARN  o.e.m.c.i.embedder.EclipseLogger - Using platform encoding (UTF-8 actually) to copy filtered resources, i.e. build is platform dependent!
2026-03-10 12:53:57,583 [Worker-45: Building] INFO  o.e.m.c.i.embedder.EclipseLogger - skip non existing resourceDirectory C:\Users\SCLPT 123\eclipse-workspace\GitDemoProject1\src\main\resources
2026-03-10 12:53:57,584 [Worker-45: Building] WARN  o.e.m.c.i.embedder.EclipseLogger - Using platform encoding (UTF-8 actually) to copy filtered resources, i.e. build is platform dependent!
2026-03-10 12:53:57,585 [Worker-45: Building] INFO  o.e.m.c.i.embedder.EclipseLogger - skip non existing resourceDirectory C:\Users\SCLPT 123\eclipse-workspace\GitDemoProject1\src\test\resources
2026-03-10 12:54:07,958 [Worker-46: Building] WARN  o.e.m.c.i.embedder.EclipseLogger - Using platform encoding (UTF-8 actually) to copy filtered resources, i.e. build is platform dependent!
2026-03-10 12:54:07,958 [Worker-46: Building] INFO  o.e.m.c.i.embedder.EclipseLogger - skip non existing resourceDirectory C:\Users\SCLPT 123\eclipse-workspace\GitDemoProject1\src\main\resources
2026-03-10 12:54:07,959 [Worker-46: Building] WARN  o.e.m.c.i.embedder.EclipseLogger - Using platform encoding (UTF-8 actually) to copy filtered resources, i.e. build is platform dependent!
2026-03-10 12:54:07,960 [Worker-46: Building] INFO  o.e.m.c.i.embedder.EclipseLogger - skip non existing resourceDirectory C:\Users\SCLPT 123\eclipse-workspace\GitDemoProject1\src\test\resources
2026-03-10 13:30:26,317 [Worker-54: Git Repository Change Scanner] WARN  org.eclipse.jgit.lib.Repository - close() called when useCnt is already zero for Repository[C:\Users\SCLPT 123\eclipse-workspace\GitDemoProject1\.git]
